protocol,num_uavs,seed,attempted,delivered,pdr,avg_latency_ms,avg_hops,throughput_pps,topology_changes_per_s,avg_link_lifetime_s,control_packets_per_s,route_discoveries,route_failures,stale_route_failures
shortest_path_oracle,5,2111,600,195,0.325,14.995484649447782,1.2153846153846153,1.625,0.125,43.0,0.0,0,0,0
shortest_path_oracle,5,3111,600,171,0.285,14.515719633903958,1.128654970760234,1.425,0.16666666666666666,36.375,0.0,0,0,0
shortest_path_oracle,5,4111,600,68,0.11333333333333333,14.006938349629486,1.0294117647058822,0.5666666666666667,0.075,19.166666666666668,0.0,0,0,0
shortest_path_oracle,5,5111,600,75,0.125,14.092183862388751,1,0.625,0.08333333333333333,27.2,0.0,0,0,0
shortest_path_oracle,5,6111,600,106,0.17666666666666667,14.881417485859336,1.1603773584905661,0.8833333333333333,0.16666666666666666,21.5,0.0,0,0,0
shortest_path_oracle,5,7111,600,74,0.12333333333333334,14.246995960384554,1.054054054054054,0.6166666666666667,0.075,34.8,0.0,0,0,0
shortest_path_oracle,5,8111,600,130,0.21666666666666667,15.13959396394804,1.2461538461538462,1.0833333333333333,0.15833333333333333,22.77777777777778,0.0,0,0,0
shortest_path_oracle,5,9111,600,169,0.2816666666666667,15.29203905020606,1.2899408284023668,1.4083333333333334,0.175,27.77777777777778,0.0,0,0,0
shortest_path_oracle,5,10111,600,224,0.37333333333333335,15.08206338301396,1.2589285714285714,1.8666666666666667,0.26666666666666666,43.625,0.0,0,0,0
shortest_path_oracle,5,11111,600,83,0.13833333333333334,15.658131207119148,1.3614457831325302,0.6916666666666667,0.1,20.0,0.0,0,0,0
shortest_path_oracle,5,12111,600,87,0.145,14.816199794201195,1.1839080459770115,0.725,0.1,31.8,0.0,0,0,0
shortest_path_oracle,5,13111,600,119,0.19833333333333333,14.547819289946247,1.1428571428571428,0.9916666666666667,0.10833333333333334,50.75,0.0,0,0,0
shortest_path_oracle,5,14111,600,64,0.10666666666666667,14.538677494162213,1.125,0.5333333333333333,0.15833333333333333,16.571428571428573,0.0,0,0,0
shortest_path_oracle,5,15111,600,189,0.315,15.68687319553209,1.3650793650793651,1.575,0.21666666666666667,31.555555555555557,0.0,0,0,0
shortest_path_oracle,5,16111,600,132,0.22,15.465716753688815,1.3484848484848484,1.1,0.1,31.0,0.0,0,0,0
shortest_path_oracle,5,17111,600,139,0.23166666666666666,14.789997256457058,1.1798561151079137,1.1583333333333334,0.15,33.125,0.0,0,0,0
shortest_path_oracle,5,18111,600,112,0.18666666666666668,15.183092354662007,1.2678571428571428,0.9333333333333333,0.08333333333333333,33.2,0.0,0,0,0
shortest_path_oracle,5,19111,600,87,0.145,14.80334697862671,1.160919540229885,0.725,0.125,24.857142857142858,0.0,0,0,0
shortest_path_oracle,5,20111,600,77,0.12833333333333333,14.86566557198917,1.1948051948051948,0.6416666666666667,0.1,17.0,0.0,0,0,0
shortest_path_oracle,5,21111,600,107,0.17833333333333334,14.196388590059831,1.0467289719626167,0.8916666666666667,0.1,32.333333333333336,0.0,0,0,0
shortest_path_oracle,5,22111,600,164,0.2733333333333333,14.55835570029572,1.1341463414634145,1.3666666666666667,0.13333333333333333,33.125,0.0,0,0,0
shortest_path_oracle,5,23111,600,88,0.14666666666666667,14.480451245547304,1.1022727272727273,0.7333333333333333,0.09166666666666666,27.166666666666668,0.0,0,0,0
shortest_path_oracle,5,24111,600,111,0.185,14.487416521742965,1.1261261261261262,0.925,0.09166666666666666,27.5,0.0,0,0,0
shortest_path_oracle,5,25111,600,166,0.27666666666666667,15.543058857691175,1.3674698795180722,1.3833333333333333,0.14166666666666666,28.22222222222222,0.0,0,0,0
shortest_path_oracle,5,26111,600,112,0.18666666666666668,14.294728396790688,1.0892857142857142,0.9333333333333333,0.09166666666666666,31.0,0.0,0,0,0
shortest_path_oracle,5,27111,600,130,0.21666666666666667,14.83233492200822,1.1846153846153846,1.0833333333333333,0.16666666666666666,27.875,0.0,0,0,0
shortest_path_oracle,5,28111,600,45,0.075,14.16336377214294,1.0444444444444445,0.375,0.1,21.0,0.0,0,0,0
shortest_path_oracle,5,29111,600,129,0.215,14.928081867413828,1.2325581395348837,1.075,0.15,28.571428571428573,0.0,0,0,0
shortest_path_oracle,5,30111,600,226,0.37666666666666665,15.07590165123879,1.2212389380530972,1.8833333333333333,0.19166666666666668,38.333333333333336,0.0,0,0,0
shortest_path_oracle,5,31111,600,126,0.21,15.512906608609807,1.3253968253968254,1.05,0.11666666666666667,31.666666666666668,0.0,0,0,0
aodv_like_reactive,5,2111,600,195,0.325,17.6659974699606,1.2615384615384615,1.625,0.125,43.0,18.916666666666668,444,38,0
aodv_like_reactive,5,3111,600,171,0.285,17.51513483858232,1.1871345029239766,1.425,0.16666666666666666,36.375,19.858333333333334,467,34,0
aodv_like_reactive,5,4111,600,68,0.11333333333333333,16.72090893786478,1.0294117647058822,0.5666666666666667,0.075,19.166666666666668,22.925,547,12,0
aodv_like_reactive,5,5111,600,75,0.125,16.38818386238875,1,0.625,0.08333333333333333,27.2,22.575,539,12,0
aodv_like_reactive,5,6111,600,106,0.17666666666666667,17.78471937265179,1.1603773584905661,0.8833333333333333,0.16666666666666666,21.5,21.875,519,23,0
aodv_like_reactive,5,7111,600,74,0.12333333333333334,17.48348244687104,1.1081081081081081,0.6166666666666667,0.075,34.8,22.833333333333332,544,17,0
aodv_like_reactive,5,8111,600,130,0.21666666666666667,17.79190165625573,1.2461538461538462,1.0833333333333333,0.15833333333333333,22.77777777777778,21.05,498,27,0
aodv_like_reactive,5,9111,600,169,0.2816666666666667,18.761565677424997,1.3964497041420119,1.4083333333333334,0.175,27.77777777777778,20.183333333333334,472,31,0
aodv_like_reactive,5,10111,600,224,0.37333333333333335,18.29768838301396,1.3258928571428572,1.8666666666666667,0.26666666666666666,43.625,18.466666666666665,429,51,0
aodv_like_reactive,5,11111,600,83,0.13833333333333334,18.626203496275775,1.3614457831325302,0.6916666666666667,0.1,20.0,22.6,537,20,0
aodv_like_reactive,5,12111,600,87,0.145,17.92999289764947,1.1839080459770115,0.725,0.1,31.8,22.525,535,22,0
aodv_like_reactive,5,13111,600,119,0.19833333333333333,17.237315088265575,1.1428571428571428,0.9916666666666667,0.10833333333333334,50.75,21.383333333333333,507,25,0
aodv_like_reactive,5,14111,600,64,0.10666666666666667,18.263677494162213,1.140625,0.5333333333333333,0.15833333333333333,16.571428571428573,23.316666666666666,555,19,0
aodv_like_reactive,5,15111,600,189,0.315,19.204068962727856,1.4656084656084656,1.575,0.21666666666666667,31.555555555555557,19.666666666666668,458,47,0
aodv_like_reactive,5,16111,600,132,0.22,18.274807662779722,1.371212121212121,1.1,0.1,31.0,21.05,497,29,0
aodv_like_reactive,5,17111,600,139,0.23166666666666666,18.075608767248426,1.2014388489208634,1.1583333333333334,0.15,33.125,21.075,497,34,0
aodv_like_reactive,5,18111,600,112,0.18666666666666668,18.122824497519147,1.2857142857142858,0.9333333333333333,0.08333333333333333,33.2,21.708333333333332,514,24,0
aodv_like_reactive,5,19111,600,87,0.145,18.199898702764642,1.160919540229885,0.725,0.125,24.857142857142858,22.625,537,23,0
aodv_like_reactive,5,20111,600,77,0.12833333333333333,17.585146091469692,1.1948051948051948,0.6416666666666667,0.1,17.0,22.691666666666666,540,15,0
aodv_like_reactive,5,21111,600,107,0.17833333333333334,16.979098870433663,1.102803738317757,0.8916666666666667,0.1,32.333333333333336,21.666666666666668,515,20,0
aodv_like_reactive,5,22111,600,164,0.2733333333333333,17.260794724685965,1.1341463414634145,1.3666666666666667,0.13333333333333333,33.125,20.033333333333335,472,34,0
aodv_like_reactive,5,23111,600,88,0.14666666666666667,17.57022397282003,1.1363636363636365,0.7333333333333333,0.09166666666666666,27.166666666666668,22.4,533,19,0
aodv_like_reactive,5,24111,600,111,0.185,17.02930841363486,1.1981981981981982,0.925,0.09166666666666666,27.5,21.4,509,19,0
aodv_like_reactive,5,25111,600,166,0.27666666666666667,18.54064921913696,1.4397590361445782,1.3833333333333333,0.14166666666666666,28.22222222222222,20.016666666666666,470,33,0
aodv_like_reactive,5,26111,600,112,0.18666666666666668,17.08178196821926,1.0982142857142858,0.9333333333333333,0.09166666666666666,31.0,21.608333333333334,513,22,0
aodv_like_reactive,5,27111,600,130,0.21666666666666667,17.673488768162066,1.1846153846153846,1.0833333333333333,0.16666666666666666,27.875,21.141666666666666,500,27,0
aodv_like_reactive,5,28111,600,45,0.075,17.444474883254053,1.0444444444444445,0.375,0.1,21.0,23.733333333333334,567,10,0
aodv_like_reactive,5,29111,600,129,0.215,18.3838958209022,1.2790697674418605,1.075,0.15,28.571428571428573,21.425,505,32,0
aodv_like_reactive,5,30111,600,226,0.37666666666666665,17.965060943274185,1.2699115044247788,1.8833333333333333,0.19166666666666668,38.333333333333336,18.158333333333335,423,43,0
aodv_like_reactive,5,31111,600,126,0.21,18.393462164165364,1.3571428571428572,1.05,0.11666666666666667,31.666666666666668,21.241666666666667,502,28,0
olsr_like_proactive,5,2111,600,195,0.325,15.087023110986243,1.2256410256410257,1.625,0.125,43.0,5.016666666666667,0,1,1
olsr_like_proactive,5,3111,600,164,0.2733333333333333,14.48956087684462,1.1158536585365855,1.3666666666666667,0.16666666666666666,36.375,4.9,0,1,1
olsr_like_proactive,5,4111,600,67,0.11166666666666666,13.969475613725436,1.0149253731343284,0.5583333333333333,0.075,19.166666666666668,3.433333333333333,0,0,0
olsr_like_proactive,5,5111,600,71,0.11833333333333333,14.124118279253029,1,0.5916666666666667,0.08333333333333333,27.2,3.6166666666666667,0,1,1
olsr_like_proactive,5,6111,600,105,0.175,14.894673962532515,1.1523809523809523,0.875,0.16666666666666666,21.5,3.9166666666666665,0,2,2
olsr_like_proactive,5,7111,600,77,0.12833333333333333,14.37690800587636,1.077922077922078,0.6416666666666667,0.075,34.8,3.95,0,4,4
olsr_like_proactive,5,8111,600,128,0.21333333333333335,15.128616452202909,1.234375,1.0666666666666667,0.15833333333333333,22.77777777777778,4.216666666666667,0,4,4
olsr_like_proactive,5,9111,600,165,0.275,15.403671821983503,1.2969696969696969,1.375,0.175,27.77777777777778,4.55,0,5,5
olsr_like_proactive,5,10111,600,221,0.36833333333333335,15.089098062559705,1.248868778280543,1.8416666666666666,0.26666666666666666,43.625,5.383333333333334,0,1,1
olsr_like_proactive,5,11111,600,80,0.13333333333333333,15.651847305121551,1.35,0.6666666666666666,0.1,20.0,3.5,0,3,3
olsr_like_proactive,5,12111,600,83,0.13833333333333334,14.872618110647858,1.180722891566265,0.6916666666666667,0.1,31.8,3.8,0,1,1
olsr_like_proactive,5,13111,600,118,0.19666666666666666,14.603603747134237,1.1440677966101696,0.9833333333333333,0.10833333333333334,50.75,4.2,0,2,2
olsr_like_proactive,5,14111,600,61,0.10166666666666667,14.54315007226158,1.1147540983606556,0.5083333333333333,0.15833333333333333,16.571428571428573,3.45,0,5,5
olsr_like_proactive,5,15111,600,186,0.31,15.676121318360929,1.3494623655913978,1.55,0.21666666666666667,31.555555555555557,4.866666666666666,0,2,2
olsr_like_proactive,5,16111,600,130,0.21666666666666667,15.438306367028117,1.3307692307692307,1.0833333333333333,0.1,31.0,4.05,0,1,1
olsr_like_proactive,5,17111,600,134,0.22333333333333333,14.814144363613877,1.164179104477612,1.1166666666666667,0.15,33.125,4.716666666666667,0,4,4
olsr_like_proactive,5,18111,600,112,0.18666666666666668,15.213895926090578,1.2678571428571428,0.9333333333333333,0.08333333333333333,33.2,3.8666666666666667,0,1,1
olsr_like_proactive,5,19111,600,83,0.13833333333333334,14.83311522102277,1.1686746987951808,0.6916666666666667,0.125,24.857142857142858,3.95,0,1,1
olsr_like_proactive,5,20111,600,76,0.12666666666666668,14.855353169672766,1.1842105263157894,0.6333333333333333,0.1,17.0,3.4833333333333334,0,5,5
olsr_like_proactive,5,21111,600,107,0.17833333333333334,14.240899600428685,1.0467289719626167,0.8916666666666667,0.1,32.333333333333336,4.133333333333334,0,1,1
olsr_like_proactive,5,22111,600,161,0.2683333333333333,14.531188899526242,1.1180124223602483,1.3416666666666666,0.13333333333333333,33.125,4.733333333333333,0,2,2
olsr_like_proactive,5,23111,600,86,0.14333333333333334,14.574826057029071,1.1046511627906976,0.7166666666666667,0.09166666666666666,27.166666666666668,3.8333333333333335,0,1,1
olsr_like_proactive,5,24111,600,107,0.17833333333333334,14.423090379734576,1.102803738317757,0.8916666666666667,0.09166666666666666,27.5,3.8666666666666667,0,4,4
olsr_like_proactive,5,25111,600,164,0.2733333333333333,15.600061356605519,1.3780487804878048,1.3666666666666667,0.14166666666666666,28.22222222222222,4.583333333333333,0,5,5
olsr_like_proactive,5,26111,600,112,0.18666666666666668,14.346514111076402,1.0892857142857142,0.9333333333333333,0.09166666666666666,31.0,4.066666666666666,0,1,1
olsr_like_proactive,5,27111,600,126,0.21,14.949836534095176,1.2063492063492063,1.05,0.16666666666666666,27.875,4.333333333333333,0,4,4
olsr_like_proactive,5,28111,600,45,0.075,14.224474883254052,1.0444444444444445,0.375,0.1,21.0,3.3666666666666667,0,0,0
olsr_like_proactive,5,29111,600,125,0.20833333333333334,15.02240266936295,1.24,1.0416666666666667,0.15,28.571428571428573,4.133333333333334,0,3,3
olsr_like_proactive,5,30111,600,218,0.36333333333333334,15.074316261784773,1.2110091743119267,1.8166666666666667,0.19166666666666668,38.333333333333336,5.35,0,4,4
olsr_like_proactive,5,31111,600,123,0.205,15.528598922557764,1.3170731707317074,1.025,0.11666666666666667,31.666666666666668,4.1,0,7,7
greedy_geographic,5,2111,600,195,0.325,14.995484649447782,1.2153846153846153,1.625,0.125,43.0,0.0,0,96,0
greedy_geographic,5,3111,600,171,0.285,14.515719633903958,1.128654970760234,1.425,0.16666666666666666,36.375,0.0,0,146,0
greedy_geographic,5,4111,600,68,0.11333333333333333,14.006938349629486,1.0294117647058822,0.5666666666666667,0.075,19.166666666666668,0.0,0,73,0
greedy_geographic,5,5111,600,75,0.125,14.092183862388751,1,0.625,0.08333333333333333,27.2,0.0,0,109,0
greedy_geographic,5,6111,600,106,0.17666666666666667,14.881417485859336,1.1603773584905661,0.8833333333333333,0.16666666666666666,21.5,0.0,0,109,0
greedy_geographic,5,7111,600,74,0.12333333333333334,14.246995960384554,1.054054054054054,0.6166666666666667,0.075,34.8,0.0,0,112,0
greedy_geographic,5,8111,600,130,0.21666666666666667,15.13959396394804,1.2461538461538462,1.0833333333333333,0.15833333333333333,22.77777777777778,0.0,0,111,0
greedy_geographic,5,9111,600,169,0.2816666666666667,15.29203905020606,1.2899408284023668,1.4083333333333334,0.175,27.77777777777778,0.0,0,109,0
greedy_geographic,5,10111,600,223,0.37166666666666665,15.03485552264928,1.2466367713004485,1.8583333333333334,0.26666666666666666,43.625,0.0,0,101,0
greedy_geographic,5,11111,600,83,0.13833333333333334,15.658131207119148,1.3614457831325302,0.6916666666666667,0.1,20.0,0.0,0,46,0
greedy_geographic,5,12111,600,87,0.145,14.816199794201195,1.1839080459770115,0.725,0.1,31.8,0.0,0,114,0
greedy_geographic,5,13111,600,119,0.19833333333333333,14.547819289946247,1.1428571428571428,0.9916666666666667,0.10833333333333334,50.75,0.0,0,136,0
greedy_geographic,5,14111,600,64,0.10666666666666667,14.538677494162213,1.125,0.5333333333333333,0.15833333333333333,16.571428571428573,0.0,0,66,0
greedy_geographic,5,15111,600,188,0.31333333333333335,15.643982692916625,1.3563829787234043,1.5666666666666667,0.21666666666666667,31.555555555555557,0.0,0,83,0
greedy_geographic,5,16111,600,132,0.22,15.465716753688815,1.3484848484848484,1.1,0.1,31.0,0.0,0,75,0
greedy_geographic,5,17111,600,139,0.23166666666666666,14.789997256457058,1.1798561151079137,1.1583333333333334,0.15,33.125,0.0,0,83,0
greedy_geographic,5,18111,600,112,0.18666666666666668,15.183092354662007,1.2678571428571428,0.9333333333333333,0.08333333333333333,33.2,0.0,0,83,0
greedy_geographic,5,19111,600,87,0.145,14.80334697862671,1.160919540229885,0.725,0.125,24.857142857142858,0.0,0,106,0
greedy_geographic,5,20111,600,77,0.12833333333333333,14.86566557198917,1.1948051948051948,0.6416666666666667,0.1,17.0,0.0,0,72,0
greedy_geographic,5,21111,600,107,0.17833333333333334,14.196388590059831,1.0467289719626167,0.8916666666666667,0.1,32.333333333333336,0.0,0,144,0
greedy_geographic,5,22111,600,164,0.2733333333333333,14.55835570029572,1.1341463414634145,1.3666666666666667,0.13333333333333333,33.125,0.0,0,139,0
greedy_geographic,5,23111,600,88,0.14666666666666667,14.480451245547304,1.1022727272727273,0.7333333333333333,0.09166666666666666,27.166666666666668,0.0,0,99,0
greedy_geographic,5,24111,600,111,0.185,14.487416521742965,1.1261261261261262,0.925,0.09166666666666666,27.5,0.0,0,98,0
greedy_geographic,5,25111,600,166,0.27666666666666667,15.543058857691175,1.3674698795180722,1.3833333333333333,0.14166666666666666,28.22222222222222,0.0,0,84,0
greedy_geographic,5,26111,600,112,0.18666666666666668,14.294728396790688,1.0892857142857142,0.9333333333333333,0.09166666666666666,31.0,0.0,0,95,0
greedy_geographic,5,27111,600,130,0.21666666666666667,14.83233492200822,1.1846153846153846,1.0833333333333333,0.16666666666666666,27.875,0.0,0,123,0
greedy_geographic,5,28111,600,45,0.075,14.16336377214294,1.0444444444444445,0.375,0.1,21.0,0.0,0,78,0
greedy_geographic,5,29111,600,128,0.21333333333333335,14.861816187102562,1.21875,1.0666666666666667,0.15,28.571428571428573,0.0,0,79,0
greedy_geographic,5,30111,600,226,0.37666666666666665,15.07590165123879,1.2212389380530972,1.8833333333333333,0.19166666666666668,38.333333333333336,0.0,0,119,0
greedy_geographic,5,31111,600,124,0.20666666666666667,15.380611975306627,1.2983870967741935,1.0333333333333334,0.11666666666666667,31.666666666666668,0.0,0,96,0
shortest_path_oracle,10,2196,600,85,0.14166666666666666,16.045851036039693,1.4705882352941178,0.7083333333333334,0.4,24.4,0.0,0,0,0
shortest_path_oracle,10,3196,600,128,0.21333333333333335,16.398976711309103,1.5546875,1.0666666666666667,0.6,23.838709677419356,0.0,0,0,0
shortest_path_oracle,10,4196,600,141,0.235,16.459782955537545,1.5390070921985815,1.175,0.5083333333333333,26.444444444444443,0.0,0,0,0
shortest_path_oracle,10,5196,600,45,0.075,14.186610170507382,1.0888888888888888,0.375,0.30833333333333335,23.333333333333332,0.0,0,0,0
shortest_path_oracle,10,6196,600,106,0.17666666666666667,17.285111784782284,1.7075471698113207,0.8833333333333333,0.44166666666666665,23.68,0.0,0,0,0
shortest_path_oracle,10,7196,600,116,0.19333333333333333,16.690586675062054,1.5862068965517242,0.9666666666666667,0.425,26.708333333333332,0.0,0,0,0
shortest_path_oracle,10,8196,600,226,0.37666666666666665,17.634590534877972,1.7964601769911503,1.8833333333333333,0.6333333333333333,34.4,0.0,0,0,0
shortest_path_oracle,10,9196,600,141,0.235,15.994477142061417,1.4397163120567376,1.175,0.6166666666666667,28.413793103448278,0.0,0,0,0
shortest_path_oracle,10,10196,600,113,0.18833333333333332,15.10217097973532,1.2300884955752212,0.9416666666666667,0.5,27.724137931034484,0.0,0,0,0
shortest_path_oracle,10,11196,600,139,0.23166666666666666,16.422700665903413,1.5323741007194245,1.1583333333333334,0.6083333333333333,22.774193548387096,0.0,0,0,0
shortest_path_oracle,10,12196,600,134,0.22333333333333333,16.32716327852277,1.537313432835821,1.1166666666666667,0.75,20.38888888888889,0.0,0,0,0
shortest_path_oracle,10,13196,600,109,0.18166666666666667,14.62967644796889,1.1743119266055047,0.9083333333333333,0.5,30.11111111111111,0.0,0,0,0
shortest_path_oracle,10,14196,600,117,0.195,16.26253466758397,1.5299145299145298,0.975,0.6416666666666667,20.606060606060606,0.0,0,0,0
shortest_path_oracle,10,15196,600,79,0.13166666666666665,15.810268523205668,1.379746835443038,0.6583333333333333,0.4083333333333333,21.416666666666668,0.0,0,0,0
shortest_path_oracle,10,16196,600,155,0.25833333333333336,16.576371992552673,1.5741935483870968,1.2916666666666667,0.6416666666666667,24.142857142857142,0.0,0,0,0
shortest_path_oracle,10,17196,600,150,0.25,17.881725372237955,1.8466666666666667,1.25,0.6333333333333333,24.96969696969697,0.0,0,0,0
shortest_path_oracle,10,18196,600,190,0.31666666666666665,16.05462203149042,1.4631578947368422,1.5833333333333333,0.6916666666666667,28.68421052631579,0.0,0,0,0
shortest_path_oracle,10,19196,600,117,0.195,15.476534864552441,1.3162393162393162,0.975,0.575,23.733333333333334,0.0,0,0,0
shortest_path_oracle,10,20196,600,229,0.38166666666666665,17.001801474277453,1.6506550218340612,1.9083333333333334,0.6666666666666666,30.485714285714284,0.0,0,0,0
shortest_path_oracle,10,21196,600,176,0.29333333333333333,16.612501513057893,1.5625,1.4666666666666666,0.6333333333333333,29.333333333333332,0.0,0,0,0
shortest_path_oracle,10,22196,600,224,0.37333333333333335,17.71562108165855,1.8258928571428572,1.8666666666666667,0.5666666666666667,29.4375,0.0,0,0,0
shortest_path_oracle,10,23196,600,202,0.33666666666666667,17.752002904402428,1.8514851485148516,1.6833333333333333,0.55,28.838709677419356,0.0,0,0,0
shortest_path_oracle,10,24196,600,105,0.175,15.532418657971006,1.3333333333333333,0.875,0.44166666666666665,23.64,0.0,0,0,0
shortest_path_oracle,10,25196,600,142,0.23666666666666666,16.540078531695332,1.5774647887323943,1.1833333333333333,0.325,38.1,0.0,0,0,0
shortest_path_oracle,10,26196,600,186,0.31,17.591230608942944,1.8064516129032258,1.55,0.5,24.517241379310345,0.0,0,0,0
shortest_path_oracle,10,27196,600,150,0.25,17.026211897621796,1.7,1.25,0.6166666666666667,24.875,0.0,0,0,0
shortest_path_oracle,10,28196,600,108,0.18,16.36409660876221,1.5,0.9,0.5416666666666666,26.64,0.0,0,0,0
shortest_path_oracle,10,29196,600,109,0.18166666666666667,15.657696122032092,1.3669724770642202,0.9083333333333333,0.55,24.933333333333334,0.0,0,0,0
shortest_path_oracle,10,30196,600,199,0.33166666666666667,16.915468714854242,1.6582914572864322,1.6583333333333334,0.6083333333333333,34.1,0.0,0,0,0
shortest_path_oracle,10,31196,600,132,0.22,16.590038534677877,1.5681818181818181,1.1,0.49166666666666664,28.384615384615383,0.0,0,0,0
aodv_like_reactive,10,2196,600,85,0.14166666666666666,24.182909859569108,1.4705882352941178,0.7083333333333334,0.4,24.4,48.19166666666667,570,46,0
aodv_like_reactive,10,3196,600,128,0.21333333333333335,24.136476711309104,1.5703125,1.0666666666666667,0.6,23.838709677419356,46.9,550,66,0
aodv_like_reactive,10,4196,600,141,0.235,23.669357423622653,1.574468085106383,1.175,0.5083333333333333,26.444444444444443,45.925,538,74,0
aodv_like_reactive,10,5196,600,45,0.075,21.44216572606294,1.0888888888888888,0.375,0.30833333333333335,23.333333333333332,48.666666666666664,581,20,0
aodv_like_reactive,10,6196,600,106,0.17666666666666667,25.63982876591436,1.7169811320754718,0.8833333333333333,0.44166666666666665,23.68,48.016666666666666,564,58,0
aodv_like_reactive,10,7196,600,116,0.19333333333333333,24.230672881958604,1.646551724137931,0.9666666666666667,0.425,26.708333333333332,46.858333333333334,551,61,0
aodv_like_reactive,10,8196,600,226,0.37666666666666665,25.49432504815231,1.8584070796460177,1.8833333333333333,0.6333333333333333,34.4,44.71666666666667,510,126,0
aodv_like_reactive,10,9196,600,141,0.235,24.25263317043021,1.5106382978723405,1.175,0.6166666666666667,28.413793103448278,46.81666666666667,548,82,0
aodv_like_reactive,10,10196,600,113,0.18833333333333332,21.99641876734594,1.2300884955752212,0.9416666666666667,0.5,27.724137931034484,46.425,549,58,0
aodv_like_reactive,10,11196,600,139,0.23166666666666666,23.60399562993219,1.539568345323741,1.1583333333333334,0.6083333333333333,22.774193548387096,46.03333333333333,540,67,0
aodv_like_reactive,10,12196,600,134,0.22333333333333333,24.535745368075013,1.5671641791044777,1.1166666666666667,0.75,20.38888888888889,47.15833333333333,552,76,0
aodv_like_reactive,10,13196,600,109,0.18166666666666667,22.005364521363386,1.1743119266055047,0.9083333333333333,0.5,30.11111111111111,46.90833333333333,555,57,0
aodv_like_reactive,10,14196,600,117,0.195,24.026637231686536,1.606837606837607,0.975,0.6416666666666667,20.606060606060606,46.9,552,57,0
aodv_like_reactive,10,15196,600,79,0.13166666666666665,23.2893824472563,1.379746835443038,0.6583333333333333,0.4083333333333333,21.416666666666668,47.891666666666666,568,37,0
aodv_like_reactive,10,16196,600,155,0.25833333333333336,24.91604941190751,1.5870967741935484,1.2916666666666667,0.6416666666666667,24.142857142857142,47.025,547,86,0
aodv_like_reactive,10,17196,600,150,0.25,25.75305870557129,1.86,1.25,0.6333333333333333,24.96969696969697,46.78333333333333,543,86,0
aodv_like_reactive,10,18196,600,190,0.31666666666666665,23.690937820964105,1.4684210526315788,1.5833333333333333,0.6916666666666667,28.68421052631579,45.233333333333334,525,93,0
aodv_like_reactive,10,19196,600,117,0.195,23.396620334637912,1.3333333333333333,0.975,0.575,23.733333333333334,47.19166666666667,556,64,0
aodv_like_reactive,10,20196,600,229,0.38166666666666665,24.540229421875708,1.6768558951965065,1.9083333333333334,0.6666666666666666,30.485714285714284,44.13333333333333,506,115,0
aodv_like_reactive,10,21196,600,176,0.29333333333333333,23.88295605851244,1.5738636363636365,1.4666666666666666,0.6333333333333333,29.333333333333332,45.1,525,94,0
aodv_like_reactive,10,22196,600,224,0.37333333333333335,24.885933581658552,1.8571428571428572,1.8666666666666667,0.5666666666666667,29.4375,43.775,501,109,0
aodv_like_reactive,10,23196,600,202,0.33666666666666667,25.325022706382626,1.8712871287128714,1.6833333333333333,0.55,28.838709677419356,45.125,518,101,0
aodv_like_reactive,10,24196,600,105,0.175,22.604799610351957,1.361904761904762,0.875,0.44166666666666665,23.64,46.766666666666666,553,53,0
aodv_like_reactive,10,25196,600,142,0.23666666666666666,23.900289799300968,1.5985915492957747,1.1833333333333333,0.325,38.1,46.108333333333334,540,73,0
aodv_like_reactive,10,26196,600,186,0.31,25.32268222184617,1.8387096774193548,1.55,0.5,24.517241379310345,45.675,526,98,0
aodv_like_reactive,10,27196,600,150,0.25,24.83854523095513,1.72,1.25,0.6166666666666667,24.875,46.55833333333333,542,67,0
aodv_like_reactive,10,28196,600,108,0.18,24.524281793947395,1.5277777777777777,0.9,0.5416666666666666,26.64,47.63333333333333,561,64,0
aodv_like_reactive,10,29196,600,109,0.18166666666666667,24.046686947720165,1.385321100917431,0.9083333333333333,0.55,24.933333333333334,47.81666666666667,563,60,0
aodv_like_reactive,10,30196,600,199,0.33166666666666667,24.556172232442183,1.6834170854271358,1.6583333333333334,0.6083333333333333,34.1,45.083333333333336,520,97,0
aodv_like_reactive,10,31196,600,132,0.22,24.76049308013242,1.5833333333333333,1.1,0.49166666666666664,28.384615384615383,47.25,553,81,0
olsr_like_proactive,10,2196,600,83,0.13833333333333334,16.020198435352984,1.4457831325301205,0.6916666666666667,0.4,24.4,10.05,0,1,1
olsr_like_proactive,10,3196,600,126,0.21,16.20169839194117,1.492063492063492,1.05,0.6,23.838709677419356,11.216666666666667,0,8,8
olsr_like_proactive,10,4196,600,130,0.21666666666666667,16.578578750819524,1.5384615384615385,1.0833333333333333,0.5083333333333333,26.444444444444443,10.966666666666667,0,7,7
olsr_like_proactive,10,5196,600,45,0.075,14.208832392729605,1.0888888888888888,0.375,0.30833333333333335,23.333333333333332,8.516666666666667,0,3,3
olsr_like_proactive,10,6196,600,104,0.17333333333333334,17.34208399845972,1.6923076923076923,0.8666666666666667,0.44166666666666665,23.68,9.95,0,4,4
olsr_like_proactive,10,7196,600,114,0.19,16.827635453493226,1.5964912280701755,0.95,0.425,26.708333333333332,10.383333333333333,0,3,3
olsr_like_proactive,10,8196,600,211,0.3516666666666667,17.529790656091347,1.7393364928909953,1.7583333333333333,0.6333333333333333,34.4,13.633333333333333,0,11,11
olsr_like_proactive,10,9196,600,137,0.22833333333333333,15.911527494748048,1.3941605839416058,1.1416666666666666,0.6166666666666667,28.413793103448278,11.883333333333333,0,5,5
olsr_like_proactive,10,10196,600,105,0.175,15.074454227542619,1.2095238095238094,0.875,0.5,27.724137931034484,11.7,0,2,2
olsr_like_proactive,10,11196,600,134,0.22333333333333333,16.40432194243125,1.507462686567164,1.1166666666666667,0.6083333333333333,22.774193548387096,10.933333333333334,0,5,5
olsr_like_proactive,10,12196,600,129,0.215,16.30550904196985,1.503875968992248,1.075,0.75,20.38888888888889,11.083333333333334,0,5,5
olsr_like_proactive,10,13196,600,104,0.17333333333333334,15.046892822423342,1.2403846153846154,0.8666666666666667,0.5,30.11111111111111,11.783333333333333,0,7,7
olsr_like_proactive,10,14196,600,110,0.18333333333333332,16.14130501096183,1.4727272727272727,0.9166666666666666,0.6416666666666667,20.606060606060606,10.616666666666667,0,4,4
olsr_like_proactive,10,15196,600,75,0.125,15.895484062234132,1.36,0.625,0.4083333333333333,21.416666666666668,9.3,0,1,1
olsr_like_proactive,10,16196,600,153,0.255,16.657974838942053,1.5686274509803921,1.275,0.6416666666666667,24.142857142857142,11.983333333333333,0,5,5
olsr_like_proactive,10,17196,600,134,0.22333333333333333,17.393199033382817,1.7164179104477613,1.1166666666666667,0.6333333333333333,24.96969696969697,11.9,0,14,14
olsr_like_proactive,10,18196,600,184,0.30666666666666664,16.115917443446836,1.440217391304348,1.5333333333333334,0.6916666666666667,28.68421052631579,14.066666666666666,0,9,9
olsr_like_proactive,10,19196,600,112,0.18666666666666668,15.547839601750665,1.2946428571428572,0.9333333333333333,0.575,23.733333333333334,10.966666666666667,0,6,6
olsr_like_proactive,10,20196,600,219,0.365,16.977890823255336,1.6164383561643836,1.825,0.6666666666666666,30.485714285714284,13.85,0,6,6
olsr_like_proactive,10,21196,600,173,0.28833333333333333,16.720303310466722,1.5491329479768785,1.4416666666666667,0.6333333333333333,29.333333333333332,12.416666666666666,0,4,4
olsr_like_proactive,10,22196,600,219,0.365,17.598435695268787,1.7671232876712328,1.825,0.5666666666666667,29.4375,12.866666666666667,0,15,15
olsr_like_proactive,10,23196,600,192,0.32,17.533144782622823,1.7708333333333333,1.6,0.55,28.838709677419356,12.433333333333334,0,7,7
olsr_like_proactive,10,24196,600,103,0.17166666666666666,15.722744551802021,1.3398058252427185,0.8583333333333333,0.44166666666666665,23.64,9.916666666666666,0,0,0
olsr_like_proactive,10,25196,600,142,0.23666666666666666,16.613279383932817,1.5633802816901408,1.1833333333333333,0.325,38.1,11.366666666666667,0,3,3
olsr_like_proactive,10,26196,600,172,0.2866666666666667,17.32385768815956,1.7209302325581395,1.4333333333333333,0.5,24.517241379310345,10.916666666666666,0,6,6
olsr_like_proactive,10,27196,600,133,0.22166666666666668,16.82772168119192,1.6390977443609023,1.1083333333333334,0.6166666666666667,24.875,11.583333333333334,0,10,10
olsr_like_proactive,10,28196,600,100,0.16666666666666666,16.401190457861208,1.49,0.8333333333333334,0.5416666666666666,26.64,10.583333333333334,0,7,7
olsr_like_proactive,10,29196,600,104,0.17333333333333334,16.01304760806248,1.4038461538461537,0.8666666666666667,0.55,24.933333333333334,11.283333333333333,0,7,7
olsr_like_proactive,10,30196,600,194,0.3233333333333333,17.029920181534276,1.6443298969072164,1.6166666666666667,0.6083333333333333,34.1,13.483333333333333,0,2,2
olsr_like_proactive,10,31196,600,126,0.21,16.382790830623343,1.492063492063492,1.05,0.49166666666666664,28.384615384615383,11.15,0,6,6
greedy_geographic,10,2196,600,85,0.14166666666666666,15.723465823842824,1.4,0.7083333333333334,0.4,24.4,0.0,0,218,0
greedy_geographic,10,3196,600,126,0.21,16.33417145754996,1.5396825396825398,1.05,0.6,23.838709677419356,0.0,0,200,0
greedy_geographic,10,4196,600,141,0.235,16.459782955537545,1.5390070921985815,1.175,0.5083333333333333,26.444444444444443,0.0,0,179,0
greedy_geographic,10,5196,600,45,0.075,14.186610170507382,1.0888888888888888,0.375,0.30833333333333335,23.333333333333332,0.0,0,171,0
greedy_geographic,10,6196,600,105,0.175,17.0231281988263,1.6476190476190475,0.875,0.44166666666666665,23.68,0.0,0,202,0
greedy_geographic,10,7196,600,109,0.18166666666666667,16.097158499729872,1.4678899082568808,0.9083333333333333,0.425,26.708333333333332,0.0,0,188,0
greedy_geographic,10,8196,600,219,0.365,17.27930241328766,1.7168949771689497,1.825,0.6333333333333333,34.4,0.0,0,169,0
greedy_geographic,10,9196,600,141,0.235,15.832983708311245,1.4042553191489362,1.175,0.6166666666666667,28.413793103448278,0.0,0,195,0
greedy_geographic,10,10196,600,112,0.18666666666666668,15.019160881433525,1.2142857142857142,0.9333333333333333,0.5,27.724137931034484,0.0,0,236,0
greedy_geographic,10,11196,600,136,0.22666666666666666,16.412609532049558,1.5294117647058822,1.1333333333333333,0.6083333333333333,22.774193548387096,0.0,0,155,0
greedy_geographic,10,12196,600,129,0.215,16.166938730022885,1.503875968992248,1.075,0.75,20.38888888888889,0.0,0,202,0
greedy_geographic,10,13196,600,109,0.18166666666666667,14.62967644796889,1.1743119266055047,0.9083333333333333,0.5,30.11111111111111,0.0,0,246,0
greedy_geographic,10,14196,600,116,0.19333333333333333,16.032824268285516,1.4827586206896552,0.9666666666666667,0.6416666666666667,20.606060606060606,0.0,0,205,0
greedy_geographic,10,15196,600,75,0.125,15.739547430993413,1.36,0.625,0.4083333333333333,21.416666666666668,0.0,0,170,0
greedy_geographic,10,16196,600,154,0.25666666666666665,16.357375407352972,1.5324675324675325,1.2833333333333334,0.6416666666666667,24.142857142857142,0.0,0,226,0
greedy_geographic,10,17196,600,149,0.24833333333333332,17.688439377506583,1.8053691275167785,1.2416666666666667,0.6333333333333333,24.96969696969697,0.0,0,211,0
greedy_geographic,10,18196,600,185,0.30833333333333335,15.920796494238232,1.4324324324324325,1.5416666666666667,0.6916666666666667,28.68421052631579,0.0,0,177,0
greedy_geographic,10,19196,600,117,0.195,15.476534864552441,1.3162393162393162,0.975,0.575,23.733333333333334,0.0,0,179,0
greedy_geographic,10,20196,600,222,0.37,16.771289495750437,1.5990990990990992,1.85,0.6666666666666666,30.485714285714284,0.0,0,190,0
greedy_geographic,10,21196,600,171,0.285,16.591953569914164,1.5555555555555556,1.425,0.6333333333333333,29.333333333333332,0.0,0,193,0
greedy_geographic,10,22196,600,213,0.355,17.421838651669663,1.7605633802816902,1.775,0.5666666666666667,29.4375,0.0,0,186,0
greedy_geographic,10,23196,600,198,0.33,17.615513825655164,1.8131313131313131,1.65,0.55,28.838709677419356,0.0,0,170,0
greedy_geographic,10,24196,600,106,0.17666666666666667,15.51860396038386,1.330188679245283,0.8833333333333333,0.44166666666666665,23.64,0.0,0,201,0
greedy_geographic,10,25196,600,139,0.23166666666666666,16.192491598532595,1.5035971223021583,1.1583333333333334,0.325,38.1,0.0,0,163,0
greedy_geographic,10,26196,600,176,0.29333333333333333,17.067421650040345,1.6818181818181819,1.4666666666666666,0.5,24.517241379310345,0.0,0,196,0
greedy_geographic,10,27196,600,141,0.235,16.769638527055246,1.6524822695035462,1.175,0.6166666666666667,24.875,0.0,0,223,0
greedy_geographic,10,28196,600,106,0.17666666666666667,16.183986383146003,1.4622641509433962,0.8833333333333333,0.5416666666666666,26.64,0.0,0,218,0
greedy_geographic,10,29196,600,109,0.18166666666666667,15.657696122032092,1.3669724770642202,0.9083333333333333,0.55,24.933333333333334,0.0,0,221,0
greedy_geographic,10,30196,600,190,0.31666666666666665,16.467282544675232,1.568421052631579,1.5833333333333333,0.6083333333333333,34.1,0.0,0,208,0
greedy_geographic,10,31196,600,125,0.20833333333333334,15.94951827307259,1.432,1.0416666666666667,0.49166666666666664,28.384615384615383,0.0,0,199,0
shortest_path_oracle,20,2366,600,234,0.39,20.734725997005185,2.4914529914529915,1.95,2.3333333333333335,26.796610169491526,0.0,0,0,0
shortest_path_oracle,20,3366,600,348,0.58,19.571064072111373,2.2413793103448274,2.9,2.7916666666666665,30.485294117647058,0.0,0,0,0
shortest_path_oracle,20,4366,600,355,0.5916666666666667,23.34293173026056,3.0816901408450703,2.9583333333333335,2.158333333333333,27.272727272727273,0.0,0,0,0
shortest_path_oracle,20,5366,600,304,0.5066666666666667,19.54755020222678,2.236842105263158,2.533333333333333,2.558333333333333,27.218045112781954,0.0,0,0,0
shortest_path_oracle,20,6366,600,282,0.47,22.123898069505227,2.801418439716312,2.35,2.5,26.016260162601625,0.0,0,0,0
shortest_path_oracle,20,7366,600,296,0.49333333333333335,22.170495953290814,2.814189189189189,2.466666666666667,1.8583333333333334,26.12962962962963,0.0,0,0,0
shortest_path_oracle,20,8366,600,353,0.5883333333333334,22.83121990285233,2.9291784702549575,2.941666666666667,2.316666666666667,27.588709677419356,0.0,0,0,0
shortest_path_oracle,20,9366,600,289,0.4816666666666667,19.592449422214546,2.245674740484429,2.408333333333333,2.55,28.606060606060606,0.0,0,0,0
shortest_path_oracle,20,10366,600,388,0.6466666666666666,22.160322592229527,2.7938144329896906,3.2333333333333334,2.6416666666666666,29.23308270676692,0.0,0,0,0
shortest_path_oracle,20,11366,600,334,0.5566666666666666,20.498737927700418,2.434131736526946,2.783333333333333,2.8,26.932835820895523,0.0,0,0,0
shortest_path_oracle,20,12366,600,348,0.58,21.630430496161893,2.675287356321839,2.9,2.5166666666666666,26.41007194244604,0.0,0,0,0
shortest_path_oracle,20,13366,600,249,0.415,21.38930658684516,2.642570281124498,2.075,2.0083333333333333,28.5929203539823,0.0,0,0,0
shortest_path_oracle,20,14366,600,286,0.4766666666666667,22.000584444008076,2.769230769230769,2.3833333333333333,2.0166666666666666,27.128205128205128,0.0,0,0,0
shortest_path_oracle,20,15366,600,264,0.44,21.649585503203348,2.712121212121212,2.2,2.5,26.08730158730159,0.0,0,0,0
shortest_path_oracle,20,16366,600,261,0.435,21.665416580508488,2.7049808429118776,2.175,2.091666666666667,25.862068965517242,0.0,0,0,0
shortest_path_oracle,20,17366,600,286,0.4766666666666667,21.813049779093863,2.7482517482517483,2.3833333333333333,2.0083333333333333,30.710280373831775,0.0,0,0,0
shortest_path_oracle,20,18366,600,388,0.6466666666666666,22.817193507626556,2.945876288659794,3.2333333333333334,2.575,29.0,0.0,0,0,0
shortest_path_oracle,20,19366,600,301,0.5016666666666667,23.106157434197222,3.0332225913621262,2.5083333333333333,2.3666666666666667,24.28125,0.0,0,0,0
shortest_path_oracle,20,20366,600,286,0.4766666666666667,19.803789406290317,2.2587412587412588,2.3833333333333333,2.408333333333333,29.702290076335878,0.0,0,0,0
shortest_path_oracle,20,21366,600,277,0.46166666666666667,22.43913631100725,2.8555956678700363,2.308333333333333,2.308333333333333,26.130081300813007,0.0,0,0,0
shortest_path_oracle,20,22366,600,365,0.6083333333333333,21.684391214256614,2.712328767123288,3.0416666666666665,2.4,30.524590163934427,0.0,0,0,0
shortest_path_oracle,20,23366,600,328,0.5466666666666666,21.750942513315223,2.7134146341463414,2.7333333333333334,2.5166666666666666,26.48872180451128,0.0,0,0,0
shortest_path_oracle,20,24366,600,270,0.45,24.17270274675388,3.2555555555555555,2.25,2.283333333333333,24.19327731092437,0.0,0,0,0
shortest_path_oracle,20,25366,600,418,0.6966666666666667,20.716912266823737,2.478468899521531,3.4833333333333334,2.9166666666666665,30.62837837837838,0.0,0,0,0
shortest_path_oracle,20,26366,600,254,0.42333333333333334,21.666780671351695,2.7125984251968505,2.1166666666666667,2.575,24.384615384615383,0.0,0,0,0
shortest_path_oracle,20,27366,600,374,0.6233333333333333,21.667852937155292,2.7032085561497325,3.1166666666666667,2.308333333333333,30.091666666666665,0.0,0,0,0
shortest_path_oracle,20,28366,600,349,0.5816666666666667,23.47440745222184,3.103151862464183,2.908333333333333,2.4166666666666665,27.285714285714285,0.0,0,0,0
shortest_path_oracle,20,29366,600,392,0.6533333333333333,22.83147936856989,2.9642857142857144,3.2666666666666666,2.3833333333333333,27.566666666666666,0.0,0,0,0
shortest_path_oracle,20,30366,600,397,0.6616666666666666,21.649016994209646,2.700251889168766,3.308333333333333,2.683333333333333,28.891304347826086,0.0,0,0,0
shortest_path_oracle,20,31366,600,247,0.4116666666666667,21.336768471335656,2.6275303643724697,2.058333333333333,2.1416666666666666,26.406779661016948,0.0,0,0,0
aodv_like_reactive,20,2366,600,234,0.39,32.78045249273168,2.5128205128205128,1.95,2.3333333333333335,26.796610169491526,101.03333333333333,579,134,0
aodv_like_reactive,20,3366,600,348,0.58,31.16661004912287,2.2471264367816093,2.9,2.7916666666666665,30.485294117647058,99.04166666666667,559,218,0
aodv_like_reactive,20,4366,600,355,0.5916666666666667,35.36715708237324,3.101408450704225,2.9583333333333335,2.158333333333333,27.272727272727273,103.01666666666667,567,200,0
aodv_like_reactive,20,5366,600,304,0.5066666666666667,30.679787044332045,2.2467105263157894,2.533333333333333,2.558333333333333,27.218045112781954,97.11666666666666,553,153,0
aodv_like_reactive,20,6366,600,282,0.47,34.260068282271185,2.8156028368794326,2.35,2.5,26.016260162601625,102.4,577,159,0
aodv_like_reactive,20,7366,600,296,0.49333333333333335,33.781475683020545,2.847972972972973,2.466666666666667,1.8583333333333334,26.12962962962963,99.975,562,160,0
aodv_like_reactive,20,8366,600,353,0.5883333333333334,34.77668732494865,2.951841359773371,2.941666666666667,2.316666666666667,27.588709677419356,101.95833333333333,565,208,0
aodv_like_reactive,20,9366,600,289,0.4816666666666667,31.212345615986173,2.2560553633217992,2.408333333333333,2.55,28.606060606060606,99.275,566,170,0
aodv_like_reactive,20,10366,600,388,0.6466666666666666,33.65800300460066,2.804123711340206,3.2333333333333334,2.6416666666666666,29.23308270676692,99.85,550,225,0
aodv_like_reactive,20,11366,600,334,0.5566666666666666,32.31774990374832,2.4580838323353293,2.783333333333333,2.8,26.932835820895523,100.25833333333334,564,213,0
aodv_like_reactive,20,12366,600,348,0.58,33.47525808236879,2.689655172413793,2.9,2.5166666666666666,26.41007194244604,101.25,564,193,0
aodv_like_reactive,20,13366,600,249,0.415,33.5734431330299,2.6546184738955825,2.075,2.0083333333333333,28.5929203539823,101.89166666666667,581,166,0
aodv_like_reactive,20,14366,600,286,0.4766666666666667,33.965094933518564,2.7832167832167833,2.3833333333333333,2.0166666666666666,27.128205128205128,101.64166666666667,573,198,0
aodv_like_reactive,20,15366,600,264,0.44,33.876858230476074,2.7196969696969697,2.2,2.5,26.08730158730159,102.5,581,165,0
aodv_like_reactive,20,16366,600,261,0.435,33.14338592916749,2.7049808429118776,2.175,2.091666666666667,25.862068965517242,99.79166666666667,567,143,0
aodv_like_reactive,20,17366,600,286,0.4766666666666667,33.40693089797498,2.762237762237762,2.3833333333333333,2.0083333333333333,30.710280373831775,99.975,565,185,0
aodv_like_reactive,20,18366,600,388,0.6466666666666666,34.85211618803893,2.9690721649484537,3.2333333333333334,2.575,29.0,102.84166666666667,564,262,0
aodv_like_reactive,20,19366,600,301,0.5016666666666667,35.05565909532679,3.0564784053156147,2.5083333333333333,2.3666666666666667,24.28125,102.05,570,158,0
aodv_like_reactive,20,20366,600,286,0.4766666666666667,31.317600595101506,2.269230769230769,2.3833333333333333,2.408333333333333,29.702290076335878,98.90833333333333,564,184,0
aodv_like_reactive,20,21366,600,277,0.46166666666666667,34.590399848913385,2.8664259927797833,2.308333333333333,2.308333333333333,26.130081300813007,102.56666666666666,578,180,0
aodv_like_reactive,20,22366,600,365,0.6083333333333333,33.147267926585386,2.7315068493150685,3.0416666666666665,2.4,30.524590163934427,99.24166666666666,551,195,0
aodv_like_reactive,20,23366,600,328,0.5466666666666666,33.46511934258351,2.725609756097561,2.7333333333333334,2.5166666666666666,26.48872180451128,100.70833333333333,563,202,0
aodv_like_reactive,20,24366,600,270,0.45,36.301406450457584,3.274074074074074,2.25,2.283333333333333,24.19327731092437,103.04166666666667,577,158,0
aodv_like_reactive,20,25366,600,418,0.6966666666666667,32.202917051512735,2.4976076555023923,3.4833333333333334,2.9166666666666665,30.62837837837838,98.525,545,233,0
aodv_like_reactive,20,26366,600,254,0.42333333333333334,33.76993027765091,2.7125984251968505,2.1166666666666667,2.575,24.384615384615383,102.03333333333333,580,151,0
aodv_like_reactive,20,27366,600,374,0.6233333333333333,33.55301336496278,2.713903743315508,3.1166666666666667,2.308333333333333,30.091666666666665,101.50833333333334,563,204,0
aodv_like_reactive,20,28366,600,349,0.5816666666666667,35.25349054677771,3.1146131805157595,2.908333333333333,2.4166666666666665,27.285714285714285,101.98333333333333,562,204,0
aodv_like_reactive,20,29366,600,392,0.6533333333333333,34.953418144080096,2.9668367346938775,3.2666666666666666,2.3833333333333333,27.566666666666666,103.88333333333334,569,267,0
aodv_like_reactive,20,30366,600,397,0.6616666666666666,33.41929407229529,2.712846347607053,3.308333333333333,2.683333333333333,28.891304347826086,100.88333333333334,557,235,0
aodv_like_reactive,20,31366,600,247,0.4116666666666667,33.24749721627493,2.6275303643724697,2.058333333333333,2.1416666666666666,26.406779661016948,101.15833333333333,577,157,0
olsr_like_proactive,20,2366,600,215,0.35833333333333334,20.633024990475967,2.386046511627907,1.7916666666666667,2.3333333333333335,26.796610169491526,36.36666666666667,0,28,28
olsr_like_proactive,20,3366,600,330,0.55,20.01165676406684,2.2303030303030305,2.75,2.7916666666666665,30.485294117647058,44.7,0,22,22
olsr_like_proactive,20,4366,600,324,0.54,23.572707509811316,3.04320987654321,2.7,2.158333333333333,27.272727272727273,37.45,0,30,30
olsr_like_proactive,20,5366,600,271,0.45166666666666666,19.58786033738035,2.158671586715867,2.2583333333333333,2.558333333333333,27.218045112781954,40.15,0,20,20
olsr_like_proactive,20,6366,600,250,0.4166666666666667,22.016718462006093,2.668,2.0833333333333335,2.5,26.016260162601625,36.68333333333333,0,22,22
olsr_like_proactive,20,7366,600,262,0.43666666666666665,22.133517185841967,2.7290076335877864,2.183333333333333,1.8583333333333334,26.12962962962963,33.46666666666667,0,20,20
olsr_like_proactive,20,8366,600,312,0.52,23.529305610711415,2.9935897435897436,2.6,2.316666666666667,27.588709677419356,38.43333333333333,0,28,28
olsr_like_proactive,20,9366,600,271,0.45166666666666666,20.1367234302332,2.2472324723247232,2.2583333333333333,2.55,28.606060606060606,41.516666666666666,0,20,20
olsr_like_proactive,20,10366,600,375,0.625,22.11750827231114,2.6933333333333334,3.125,2.6416666666666666,29.23308270676692,42.55,0,17,17
olsr_like_proactive,20,11366,600,316,0.5266666666666666,20.75594524635677,2.3955696202531644,2.6333333333333333,2.8,26.932835820895523,40.1,0,25,25
olsr_like_proactive,20,12366,600,307,0.5116666666666667,21.158191647481214,2.482084690553746,2.558333333333333,2.5166666666666666,26.41007194244604,40.766666666666666,0,32,32
olsr_like_proactive,20,13366,600,232,0.38666666666666666,21.48964864786237,2.560344827586207,1.9333333333333333,2.0083333333333333,28.5929203539823,37.016666666666666,0,24,24
olsr_like_proactive,20,14366,600,268,0.44666666666666666,21.612800505281626,2.6007462686567164,2.2333333333333334,2.0166666666666666,27.128205128205128,36.6,0,23,23
olsr_like_proactive,20,15366,600,227,0.37833333333333335,21.05193728767968,2.488986784140969,1.8916666666666666,2.5,26.08730158730159,37.333333333333336,0,27,27
olsr_like_proactive,20,16366,600,244,0.4066666666666667,21.64178988605553,2.5901639344262297,2.033333333333333,2.091666666666667,25.862068965517242,34.95,0,20,20
olsr_like_proactive,20,17366,600,266,0.44333333333333336,21.775633357619817,2.642857142857143,2.216666666666667,2.0083333333333333,30.710280373831775,37.333333333333336,0,17,17
olsr_like_proactive,20,18366,600,361,0.6016666666666667,22.37120075011111,2.7534626038781163,3.0083333333333333,2.575,29.0,41.46666666666667,0,34,34
olsr_like_proactive,20,19366,600,288,0.48,23.12785912867975,2.954861111111111,2.4,2.3666666666666667,24.28125,36.083333333333336,0,26,26
olsr_like_proactive,20,20366,600,270,0.45,20.148640582169854,2.2333333333333334,2.25,2.408333333333333,29.702290076335878,42.5,0,21,21
olsr_like_proactive,20,21366,600,262,0.43666666666666665,22.10212155401763,2.6946564885496183,2.183333333333333,2.308333333333333,26.130081300813007,36.766666666666666,0,17,17
olsr_like_proactive,20,22366,600,335,0.5583333333333333,21.99858904000005,2.680597014925373,2.7916666666666665,2.4,30.524590163934427,40.983333333333334,0,32,32
olsr_like_proactive,20,23366,600,314,0.5233333333333333,21.433869372283585,2.5573248407643314,2.6166666666666667,2.5166666666666666,26.48872180451128,39.516666666666666,0,30,30
olsr_like_proactive,20,24366,600,224,0.37333333333333335,23.185546032256276,2.950892857142857,1.8666666666666667,2.283333333333333,24.19327731092437,34.05,0,25,25
olsr_like_proactive,20,25366,600,405,0.675,21.175433129737538,2.454320987654321,3.375,2.9166666666666665,30.62837837837838,47.833333333333336,0,16,16
olsr_like_proactive,20,26366,600,235,0.39166666666666666,21.496301138237236,2.6042553191489364,1.9583333333333333,2.575,24.384615384615383,36.38333333333333,0,19,19
olsr_like_proactive,20,27366,600,333,0.555,21.66624195804672,2.6126126126126126,2.775,2.308333333333333,30.091666666666665,40.05,0,25,25
olsr_like_proactive,20,28366,600,312,0.52,23.31252034571587,2.967948717948718,2.6,2.4166666666666665,27.285714285714285,40.15,0,33,33
olsr_like_proactive,20,29366,600,352,0.5866666666666667,23.250551174435767,2.946022727272727,2.933333333333333,2.3833333333333333,27.566666666666666,37.68333333333333,0,45,45
olsr_like_proactive,20,30366,600,366,0.61,21.719610016411877,2.6038251366120218,3.05,2.683333333333333,28.891304347826086,43.266666666666666,0,30,30
olsr_like_proactive,20,31366,600,229,0.38166666666666665,21.680675905179253,2.6419213973799125,1.9083333333333334,2.1416666666666666,26.406779661016948,35.96666666666667,0,7,7
greedy_geographic,20,2366,600,220,0.36666666666666664,19.72773784904153,2.268181818181818,1.8333333333333333,2.3333333333333335,26.796610169491526,0.0,0,290,0
greedy_geographic,20,3366,600,317,0.5283333333333333,18.896217612975576,2.078864353312303,2.6416666666666666,2.7916666666666665,30.485294117647058,0.0,0,184,0
greedy_geographic,20,4366,600,277,0.46166666666666667,20.307497782961036,2.407942238267148,2.308333333333333,2.158333333333333,27.272727272727273,0.0,0,240,0
greedy_geographic,20,5366,600,277,0.46166666666666667,18.544633166353115,2.0144404332129966,2.308333333333333,2.558333333333333,27.218045112781954,0.0,0,230,0
greedy_geographic,20,6366,600,243,0.405,19.727179618154484,2.263374485596708,2.025,2.5,26.016260162601625,0.0,0,257,0
greedy_geographic,20,7366,600,244,0.4066666666666667,20.25589173975529,2.3934426229508197,2.033333333333333,1.8583333333333334,26.12962962962963,0.0,0,248,0
greedy_geographic,20,8366,600,277,0.46166666666666667,21.159074851909402,2.563176895306859,2.308333333333333,2.316666666666667,27.588709677419356,0.0,0,243,0
greedy_geographic,20,9366,600,259,0.43166666666666664,19.016908780532837,2.1235521235521237,2.158333333333333,2.55,28.606060606060606,0.0,0,237,0
greedy_geographic,20,10366,600,323,0.5383333333333333,20.37871938675224,2.4055727554179565,2.691666666666667,2.6416666666666666,29.23308270676692,0.0,0,199,0
greedy_geographic,20,11366,600,272,0.4533333333333333,19.784362112291326,2.2720588235294117,2.2666666666666666,2.8,26.932835820895523,0.0,0,254,0
greedy_geographic,20,12366,600,297,0.495,19.57265535996218,2.228956228956229,2.475,2.5166666666666666,26.41007194244604,0.0,0,239,0
greedy_geographic,20,13366,600,222,0.37,19.817784119096206,2.2927927927927927,1.85,2.0083333333333333,28.5929203539823,0.0,0,291,0
greedy_geographic,20,14366,600,258,0.43,20.19573245541982,2.383720930232558,2.15,2.0166666666666666,27.128205128205128,0.0,0,265,0
greedy_geographic,20,15366,600,216,0.36,19.701148413725633,2.2731481481481484,1.8,2.5,26.08730158730159,0.0,0,288,0
greedy_geographic,20,16366,600,241,0.40166666666666667,20.340580662596143,2.4024896265560165,2.0083333333333333,2.091666666666667,25.862068965517242,0.0,0,236,0
greedy_geographic,20,17366,600,239,0.3983333333333333,19.75115953982106,2.288702928870293,1.9916666666666667,2.0083333333333333,30.710280373831775,0.0,0,248,0
greedy_geographic,20,18366,600,326,0.5433333333333333,20.327429135889023,2.3987730061349692,2.716666666666667,2.575,29.0,0.0,0,220,0
greedy_geographic,20,19366,600,232,0.38666666666666666,20.931842602799584,2.5775862068965516,1.9333333333333333,2.3666666666666667,24.28125,0.0,0,237,0
greedy_geographic,20,20366,600,249,0.415,18.589045329452283,2,2.075,2.408333333333333,29.702290076335878,0.0,0,249,0
greedy_geographic,20,21366,600,240,0.4,19.478580365942005,2.2083333333333335,2.0,2.308333333333333,26.130081300813007,0.0,0,269,0
greedy_geographic,20,22366,600,296,0.49333333333333335,19.97432529211069,2.310810810810811,2.466666666666667,2.4,30.524590163934427,0.0,0,240,0
greedy_geographic,20,23366,600,290,0.48333333333333334,19.838549399466462,2.306896551724138,2.4166666666666665,2.5166666666666666,26.48872180451128,0.0,0,207,0
greedy_geographic,20,24366,600,213,0.355,21.269891162127795,2.615023474178404,1.775,2.283333333333333,24.19327731092437,0.0,0,253,0
greedy_geographic,20,25366,600,382,0.6366666666666667,19.879839950452403,2.298429319371728,3.183333333333333,2.9166666666666665,30.62837837837838,0.0,0,127,0
greedy_geographic,20,26366,600,222,0.37,20.180870996832695,2.3828828828828827,1.85,2.575,24.384615384615383,0.0,0,271,0
greedy_geographic,20,27366,600,317,0.5283333333333333,21.025826586221395,2.5615141955835963,2.6416666666666666,2.308333333333333,30.091666666666665,0.0,0,205,0
greedy_geographic,20,28366,600,282,0.47,20.978717894466254,2.5602836879432624,2.35,2.4166666666666665,27.285714285714285,0.0,0,241,0
greedy_geographic,20,29366,600,305,0.5083333333333333,21.12828096706825,2.580327868852459,2.5416666666666665,2.3833333333333333,27.566666666666666,0.0,0,210,0
greedy_geographic,20,30366,600,359,0.5983333333333334,20.455098578643266,2.4317548746518107,2.9916666666666667,2.683333333333333,28.891304347826086,0.0,0,167,0
greedy_geographic,20,31366,600,201,0.335,19.623467301488716,2.2487562189054726,1.675,2.1416666666666666,26.406779661016948,0.0,0,266,0
