time_s,sequence,node_id,x_m,y_m,z_m,vx_mps,vy_mps,vz_mps,source
0.000000,0,Drone1,42.000000,30.000000,-8.000000,-0.000000,0.960000,0.000000,airsim-compatible-sample
0.000000,0,Drone2,23.000000,42.124356,-8.500000,-1.030570,-0.595000,0.000000,airsim-compatible-sample
0.000000,0,Drone3,22.000000,16.143594,-9.000000,1.247077,-0.720000,0.000000,airsim-compatible-sample
0.200000,1,Drone1,41.998464,30.191992,-8.000000,-0.015359,0.959877,0.000000,airsim-compatible-sample
0.200000,1,Drone2,22.794907,42.003609,-8.500000,-1.020307,-0.612433,0.000000,airsim-compatible-sample
0.200000,1,Drone3,22.250698,16.001846,-9.000000,1.259834,-0.697437,0.000000,airsim-compatible-sample
0.400000,2,Drone1,41.993857,30.383934,-8.000000,-0.030715,0.959509,0.000000,airsim-compatible-sample
0.400000,2,Drone2,22.591897,41.879394,-8.500000,-1.009749,-0.629689,0.000000,airsim-compatible-sample
0.400000,2,Drone3,22.503906,15.864634,-9.000000,1.272183,-0.674648,0.000000,airsim-compatible-sample
0.600000,3,Drone1,41.986179,30.575779,-8.000000,-0.046062,0.958894,0.000000,airsim-compatible-sample
0.600000,3,Drone2,22.391027,41.751746,-8.500000,-0.998898,-0.646763,0.000000,airsim-compatible-sample
0.600000,3,Drone3,22.759544,15.732001,-9.000000,1.284120,-0.651641,0.000000,airsim-compatible-sample
0.800000,4,Drone1,41.975432,30.767476,-8.000000,-0.061398,0.958035,0.000000,airsim-compatible-sample
0.800000,4,Drone2,22.192357,41.620702,-8.500000,-0.987760,-0.663650,0.000000,airsim-compatible-sample
0.800000,4,Drone3,23.017527,15.603991,-9.000000,1.295641,-0.628423,0.000000,airsim-compatible-sample
1.000000,5,Drone1,41.961620,30.958976,-8.000000,-0.076718,0.956930,0.000000,airsim-compatible-sample
1.000000,5,Drone2,21.995943,41.486299,-8.500000,-0.976335,-0.680345,0.000000,airsim-compatible-sample
1.000000,5,Drone3,23.277772,15.480646,-9.000000,1.306742,-0.605001,0.000000,airsim-compatible-sample
1.200000,6,Drone1,41.944746,31.150231,-8.000000,-0.092019,0.955580,0.000000,airsim-compatible-sample
1.200000,6,Drone2,21.801841,41.348577,-8.500000,-0.964629,-0.696843,0.000000,airsim-compatible-sample
1.200000,6,Drone3,23.540195,15.362004,-9.000000,1.317420,-0.581382,0.000000,airsim-compatible-sample
1.400000,7,Drone1,41.924815,31.341192,-8.000000,-0.107295,0.953985,0.000000,airsim-compatible-sample
1.400000,7,Drone2,21.610110,41.207575,-8.500000,-0.952644,-0.713141,0.000000,airsim-compatible-sample
1.400000,7,Drone3,23.804711,15.248105,-9.000000,1.327671,-0.557576,0.000000,airsim-compatible-sample
1.600000,8,Drone1,41.901830,31.531809,-8.000000,-0.122545,0.952146,0.000000,airsim-compatible-sample
1.600000,8,Drone2,21.420802,41.063334,-8.500000,-0.940383,-0.729232,0.000000,airsim-compatible-sample
1.600000,8,Drone3,24.071235,15.138986,-9.000000,1.337491,-0.533589,0.000000,airsim-compatible-sample
1.800000,9,Drone1,41.875799,31.722034,-8.000000,-0.137763,0.950064,0.000000,airsim-compatible-sample
1.800000,9,Drone2,21.233974,40.915896,-8.500000,-0.927851,-0.745112,0.000000,airsim-compatible-sample
1.800000,9,Drone3,24.339679,15.034681,-9.000000,1.346879,-0.509429,0.000000,airsim-compatible-sample
2.000000,10,Drone1,41.846727,31.911818,-8.000000,-0.152945,0.947738,0.000000,airsim-compatible-sample
2.000000,10,Drone2,21.049680,40.765304,-8.500000,-0.915051,-0.760777,0.000000,airsim-compatible-sample
2.000000,10,Drone3,24.609957,14.935225,-9.000000,1.355830,-0.485104,0.000000,airsim-compatible-sample
2.200000,11,Drone1,41.814623,32.101113,-8.000000,-0.168089,0.945170,0.000000,airsim-compatible-sample
2.200000,11,Drone2,20.867972,40.611600,-8.500000,-0.901986,-0.776222,0.000000,airsim-compatible-sample
2.200000,11,Drone3,24.881981,14.840650,-9.000000,1.364341,-0.460622,0.000000,airsim-compatible-sample
2.400000,12,Drone1,41.779495,32.289870,-8.000000,-0.183190,0.942360,0.000000,airsim-compatible-sample
2.400000,12,Drone2,20.688903,40.454830,-8.500000,-0.888661,-0.791443,0.000000,airsim-compatible-sample
2.400000,12,Drone3,25.155664,14.750987,-9.000000,1.372411,-0.435990,0.000000,airsim-compatible-sample
2.600000,13,Drone1,41.741351,32.478041,-8.000000,-0.198243,0.939308,0.000000,airsim-compatible-sample
2.600000,13,Drone2,20.512525,40.295038,-8.500000,-0.875078,-0.806435,0.000000,airsim-compatible-sample
2.600000,13,Drone3,25.430916,14.666264,-9.000000,1.380036,-0.411218,0.000000,airsim-compatible-sample
2.800000,14,Drone1,41.700201,32.665577,-8.000000,-0.213246,0.936016,0.000000,airsim-compatible-sample
2.800000,14,Drone2,20.338888,40.132271,-8.500000,-0.861243,-0.821195,0.000000,airsim-compatible-sample
2.800000,14,Drone3,25.707649,14.586508,-9.000000,1.387214,-0.386312,0.000000,airsim-compatible-sample
3.000000,15,Drone1,41.656056,32.852432,-8.000000,-0.228195,0.932484,0.000000,airsim-compatible-sample
3.000000,15,Drone2,20.168044,39.966576,-8.500000,-0.847159,-0.835716,0.000000,airsim-compatible-sample
3.000000,15,Drone3,25.985772,14.511747,-9.000000,1.393943,-0.361281,0.000000,airsim-compatible-sample
3.200000,16,Drone1,41.608927,33.038555,-8.000000,-0.243084,0.928714,0.000000,airsim-compatible-sample
3.200000,16,Drone2,20.000041,39.798001,-8.500000,-0.832830,-0.849997,0.000000,airsim-compatible-sample
3.200000,16,Drone3,26.265196,14.442004,-9.000000,1.400220,-0.336132,0.000000,airsim-compatible-sample
3.400000,17,Drone1,41.558826,33.223901,-8.000000,-0.257912,0.924706,0.000000,airsim-compatible-sample
3.400000,17,Drone2,19.834928,39.626594,-8.500000,-0.818260,-0.864031,0.000000,airsim-compatible-sample
3.400000,17,Drone3,26.545830,14.377302,-9.000000,1.406043,-0.310875,0.000000,airsim-compatible-sample
3.600000,18,Drone1,41.505766,33.408422,-8.000000,-0.272674,0.920461,0.000000,airsim-compatible-sample
3.600000,18,Drone2,19.672753,39.452405,-8.500000,-0.803454,-0.877816,0.000000,airsim-compatible-sample
3.600000,18,Drone3,26.827583,14.317661,-9.000000,1.411411,-0.285518,0.000000,airsim-compatible-sample
3.800000,19,Drone1,41.449761,33.592070,-8.000000,-0.287366,0.915981,0.000000,airsim-compatible-sample
3.800000,19,Drone2,19.513562,39.275484,-8.500000,-0.788416,-0.891347,0.000000,airsim-compatible-sample
3.800000,19,Drone3,27.110363,14.263101,-9.000000,1.416321,-0.260067,0.000000,airsim-compatible-sample
4.000000,20,Drone1,41.390825,33.774799,-8.000000,-0.301984,0.911266,0.000000,airsim-compatible-sample
4.000000,20,Drone2,19.357401,39.095883,-8.500000,-0.773150,-0.904621,0.000000,airsim-compatible-sample
4.000000,20,Drone3,27.394080,14.213639,-9.000000,1.420772,-0.234533,0.000000,airsim-compatible-sample
4.200000,21,Drone1,41.328973,33.956561,-8.000000,-0.316525,0.906318,0.000000,airsim-compatible-sample
4.200000,21,Drone2,19.204316,38.913653,-8.500000,-0.757661,-0.917633,0.000000,airsim-compatible-sample
4.200000,21,Drone3,27.678642,14.169293,-9.000000,1.424764,-0.208922,0.000000,airsim-compatible-sample
4.400000,22,Drone1,41.264220,34.137310,-8.000000,-0.330985,0.901138,0.000000,airsim-compatible-sample
4.400000,22,Drone2,19.054352,38.728848,-8.500000,-0.741952,-0.930380,0.000000,airsim-compatible-sample
4.400000,22,Drone3,27.963955,14.130075,-9.000000,1.428293,-0.183244,0.000000,airsim-compatible-sample
4.600000,23,Drone1,41.196585,34.317001,-8.000000,-0.345360,0.895727,0.000000,airsim-compatible-sample
4.600000,23,Drone2,18.907550,38.541519,-8.500000,-0.726029,-0.942858,0.000000,airsim-compatible-sample
4.600000,23,Drone3,28.249928,14.095999,-9.000000,1.431360,-0.157506,0.000000,airsim-compatible-sample
4.800000,24,Drone1,41.126082,34.495586,-8.000000,-0.359647,0.890087,0.000000,airsim-compatible-sample
4.800000,24,Drone2,18.763954,38.351723,-8.500000,-0.709896,-0.955064,0.000000,airsim-compatible-sample
4.800000,24,Drone3,28.536468,14.067076,-9.000000,1.433963,-0.131718,0.000000,airsim-compatible-sample
5.000000,25,Drone1,41.052732,34.673020,-8.000000,-0.373842,0.884219,0.000000,airsim-compatible-sample
5.000000,25,Drone2,18.623605,38.159512,-8.500000,-0.693559,-0.966994,0.000000,airsim-compatible-sample
5.000000,25,Drone3,28.823482,14.043315,-9.000000,1.436102,-0.105887,0.000000,airsim-compatible-sample
5.200000,26,Drone1,40.976552,34.849258,-8.000000,-0.387941,0.878124,0.000000,airsim-compatible-sample
5.200000,26,Drone2,18.486544,37.964944,-8.500000,-0.677020,-0.978644,0.000000,airsim-compatible-sample
5.200000,26,Drone3,29.110878,14.024723,-9.000000,1.437775,-0.080021,0.000000,airsim-compatible-sample
5.400000,27,Drone1,40.897562,35.024255,-8.000000,-0.401940,0.871805,0.000000,airsim-compatible-sample
5.400000,27,Drone2,18.352810,37.768073,-8.500000,-0.660286,-0.990011,0.000000,airsim-compatible-sample
5.400000,27,Drone3,29.398561,14.011308,-9.000000,1.438982,-0.054129,0.000000,airsim-compatible-sample
5.600000,28,Drone1,40.815783,35.197965,-8.000000,-0.415837,0.865263,0.000000,airsim-compatible-sample
5.600000,28,Drone2,18.222442,37.568958,-8.500000,-0.643361,-1.001092,0.000000,airsim-compatible-sample
5.600000,28,Drone3,29.686440,14.003073,-9.000000,1.439723,-0.028220,0.000000,airsim-compatible-sample
5.800000,29,Drone1,40.731234,35.370345,-8.000000,-0.429628,0.858499,0.000000,airsim-compatible-sample
5.800000,29,Drone2,18.095478,37.367656,-8.500000,-0.626251,-1.011884,0.000000,airsim-compatible-sample
5.800000,29,Drone3,29.974420,14.000020,-9.000000,1.439998,-0.002302,0.000000,airsim-compatible-sample
6.000000,30,Drone1,40.643939,35.541350,-8.000000,-0.443308,0.851515,0.000000,airsim-compatible-sample
6.000000,30,Drone2,17.971954,37.164224,-8.500000,-0.608959,-1.022384,0.000000,airsim-compatible-sample
6.000000,30,Drone3,30.262408,14.002152,-9.000000,1.439806,0.023617,0.000000,airsim-compatible-sample
6.200000,31,Drone1,40.553919,35.710937,-8.000000,-0.456875,0.844314,0.000000,airsim-compatible-sample
6.200000,31,Drone2,17.851906,36.958722,-8.500000,-0.591491,-1.032588,0.000000,airsim-compatible-sample
6.200000,31,Drone3,30.550311,14.009467,-9.000000,1.439148,0.049528,0.000000,airsim-compatible-sample
6.400000,32,Drone1,40.461197,35.879061,-8.000000,-0.470325,0.836896,0.000000,airsim-compatible-sample
6.400000,32,Drone2,17.735369,36.751209,-8.500000,-0.573853,-1.042494,0.000000,airsim-compatible-sample
6.400000,32,Drone3,30.838036,14.021962,-9.000000,1.438023,0.075423,0.000000,airsim-compatible-sample
6.600000,33,Drone1,40.365797,36.045681,-8.000000,-0.483654,0.829264,0.000000,airsim-compatible-sample
6.600000,33,Drone2,17.622376,36.541745,-8.500000,-0.556048,-1.052098,0.000000,airsim-compatible-sample
6.600000,33,Drone3,31.125489,14.039634,-9.000000,1.436433,0.101294,0.000000,airsim-compatible-sample
6.800000,34,Drone1,40.267743,36.210752,-8.000000,-0.496860,0.821419,0.000000,airsim-compatible-sample
6.800000,34,Drone2,17.512960,36.330390,-8.500000,-0.538083,-1.061398,0.000000,airsim-compatible-sample
6.800000,34,Drone3,31.412578,14.062478,-9.000000,1.434377,0.127132,0.000000,airsim-compatible-sample
7.000000,35,Drone1,40.167061,36.374234,-8.000000,-0.509939,0.813365,0.000000,airsim-compatible-sample
7.000000,35,Drone2,17.407153,36.117206,-8.500000,-0.519962,-1.070392,0.000000,airsim-compatible-sample
7.000000,35,Drone3,31.699209,14.090484,-9.000000,1.431856,0.152929,0.000000,airsim-compatible-sample
7.200000,36,Drone1,40.063777,36.536085,-8.000000,-0.522887,0.805102,0.000000,airsim-compatible-sample
7.200000,36,Drone2,17.304985,35.902254,-8.500000,-0.501692,-1.079076,0.000000,airsim-compatible-sample
7.200000,36,Drone3,31.985290,14.123646,-9.000000,1.428872,0.178676,0.000000,airsim-compatible-sample
7.400000,37,Drone1,39.957916,36.696261,-8.000000,-0.535701,0.796633,0.000000,airsim-compatible-sample
7.400000,37,Drone2,17.206486,35.685596,-8.500000,-0.483276,-1.087449,0.000000,airsim-compatible-sample
7.400000,37,Drone3,32.270727,14.161951,-9.000000,1.425424,0.204365,0.000000,airsim-compatible-sample
7.600000,38,Drone1,39.849505,36.854724,-8.000000,-0.548378,0.787960,0.000000,airsim-compatible-sample
7.600000,38,Drone2,17.111684,35.467295,-8.500000,-0.464720,-1.095507,0.000000,airsim-compatible-sample
7.600000,38,Drone3,32.555429,14.205387,-9.000000,1.421515,0.229989,0.000000,airsim-compatible-sample
7.800000,39,Drone1,39.738574,37.011432,-8.000000,-0.560915,0.779086,0.000000,airsim-compatible-sample
7.800000,39,Drone2,17.020607,35.247414,-8.500000,-0.446030,-1.103248,0.000000,airsim-compatible-sample
7.800000,39,Drone3,32.839302,14.253941,-9.000000,1.417145,0.255537,0.000000,airsim-compatible-sample
8.000000,40,Drone1,39.625149,37.166345,-8.000000,-0.573308,0.770012,0.000000,airsim-compatible-sample
8.000000,40,Drone2,16.933281,35.026017,-8.500000,-0.427211,-1.110671,0.000000,airsim-compatible-sample
8.000000,40,Drone3,33.122256,14.307597,-9.000000,1.412316,0.281003,0.000000,airsim-compatible-sample
8.200000,41,Drone1,39.509260,37.319424,-8.000000,-0.585554,0.760741,0.000000,airsim-compatible-sample
8.200000,41,Drone2,16.849731,34.803167,-8.500000,-0.408269,-1.117773,0.000000,airsim-compatible-sample
8.200000,41,Drone3,33.404198,14.366337,-9.000000,1.407030,0.306378,0.000000,airsim-compatible-sample
8.400000,42,Drone1,39.390938,37.470629,-8.000000,-0.597650,0.751275,0.000000,airsim-compatible-sample
8.400000,42,Drone2,16.769981,34.578929,-8.500000,-0.389209,-1.124552,0.000000,airsim-compatible-sample
8.400000,42,Drone3,33.685038,14.430141,-9.000000,1.401287,0.331653,0.000000,airsim-compatible-sample
8.600000,43,Drone1,39.270211,37.619921,-8.000000,-0.609594,0.741617,0.000000,airsim-compatible-sample
8.600000,43,Drone2,16.694055,34.353368,-8.500000,-0.370036,-1.131005,0.000000,airsim-compatible-sample
8.600000,43,Drone3,33.964683,14.498991,-9.000000,1.395091,0.356821,0.000000,airsim-compatible-sample
8.800000,44,Drone1,39.147110,37.767263,-8.000000,-0.621381,0.731769,0.000000,airsim-compatible-sample
8.800000,44,Drone2,16.621974,34.126549,-8.500000,-0.350757,-1.137132,0.000000,airsim-compatible-sample
8.800000,44,Drone3,34.243044,14.572862,-9.000000,1.388442,0.381874,0.000000,airsim-compatible-sample
9.000000,45,Drone1,39.021669,37.912616,-8.000000,-0.633009,0.721733,0.000000,airsim-compatible-sample
9.000000,45,Drone2,16.553759,33.898537,-8.500000,-0.331376,-1.142931,0.000000,airsim-compatible-sample
9.000000,45,Drone3,34.520030,14.651732,-9.000000,1.381344,0.406803,0.000000,airsim-compatible-sample
9.200000,46,Drone1,38.893918,38.055944,-8.000000,-0.644476,0.711513,0.000000,airsim-compatible-sample
9.200000,46,Drone2,16.489430,33.669399,-8.500000,-0.311899,-1.148398,0.000000,airsim-compatible-sample
9.200000,46,Drone3,34.795552,14.735575,-9.000000,1.373798,0.431600,0.000000,airsim-compatible-sample
9.400000,47,Drone1,38.763890,38.197209,-8.000000,-0.655777,0.701111,0.000000,airsim-compatible-sample
9.400000,47,Drone2,16.429005,33.439200,-8.500000,-0.292332,-1.153535,0.000000,airsim-compatible-sample
9.400000,47,Drone3,35.069520,14.824363,-9.000000,1.365807,0.456257,0.000000,airsim-compatible-sample
9.600000,48,Drone1,38.631618,38.336376,-8.000000,-0.666910,0.690529,0.000000,airsim-compatible-sample
9.600000,48,Drone2,16.372502,33.208007,-8.500000,-0.272681,-1.158337,0.000000,airsim-compatible-sample
9.600000,48,Drone3,35.341845,14.918067,-9.000000,1.357374,0.480766,0.000000,airsim-compatible-sample
9.800000,49,Drone1,38.497137,38.473409,-8.000000,-0.677873,0.679771,0.000000,airsim-compatible-sample
9.800000,49,Drone2,16.319938,32.975887,-8.500000,-0.252950,-1.162805,0.000000,airsim-compatible-sample
9.800000,49,Drone3,35.612440,15.016659,-9.000000,1.348501,0.505120,0.000000,airsim-compatible-sample
10.000000,50,Drone1,38.360481,38.608273,-8.000000,-0.688662,0.668838,0.000000,airsim-compatible-sample
10.000000,50,Drone2,16.271327,32.742908,-8.500000,-0.233147,-1.166937,0.000000,airsim-compatible-sample
10.000000,50,Drone3,35.881216,15.120104,-9.000000,1.339191,0.529309,0.000000,airsim-compatible-sample
10.200000,51,Drone1,38.221684,38.740933,-8.000000,-0.699275,0.657735,0.000000,airsim-compatible-sample
10.200000,51,Drone2,16.226684,32.509135,-8.500000,-0.213276,-1.170732,0.000000,airsim-compatible-sample
10.200000,51,Drone3,36.148087,15.228371,-9.000000,1.329447,0.553328,0.000000,airsim-compatible-sample
10.400000,52,Drone1,38.080783,38.871356,-8.000000,-0.709708,0.646463,0.000000,airsim-compatible-sample
10.400000,52,Drone2,16.186021,32.274637,-8.500000,-0.193344,-1.174188,0.000000,airsim-compatible-sample
10.400000,52,Drone3,36.412966,15.341424,-9.000000,1.319272,0.577167,0.000000,airsim-compatible-sample
10.600000,53,Drone1,37.937813,38.999507,-8.000000,-0.719961,0.635025,0.000000,airsim-compatible-sample
10.600000,53,Drone2,16.149350,32.039482,-8.500000,-0.173356,-1.177305,0.000000,airsim-compatible-sample
10.600000,53,Drone3,36.675767,15.459225,-9.000000,1.308670,0.600819,0.000000,airsim-compatible-sample
10.800000,54,Drone1,37.792811,39.125355,-8.000000,-0.730028,0.623425,0.000000,airsim-compatible-sample
10.800000,54,Drone2,16.116682,31.803738,-8.500000,-0.153318,-1.180082,0.000000,airsim-compatible-sample
10.800000,54,Drone3,36.936406,15.581738,-9.000000,1.297644,0.624277,0.000000,airsim-compatible-sample
11.000000,55,Drone1,37.645814,39.248867,-8.000000,-0.739909,0.611665,0.000000,airsim-compatible-sample
11.000000,55,Drone2,16.088026,31.567472,-8.500000,-0.133235,-1.182518,0.000000,airsim-compatible-sample
11.000000,55,Drone3,37.194797,15.708922,-9.000000,1.286197,0.647532,0.000000,airsim-compatible-sample
11.200000,56,Drone1,37.496860,39.370011,-8.000000,-0.749601,0.599749,0.000000,airsim-compatible-sample
11.200000,56,Drone2,16.063390,31.330754,-8.500000,-0.113114,-1.184612,0.000000,airsim-compatible-sample
11.200000,56,Drone3,37.450857,15.840737,-9.000000,1.274334,0.670577,0.000000,airsim-compatible-sample
11.400000,57,Drone1,37.345986,39.488756,-8.000000,-0.759100,0.587679,0.000000,airsim-compatible-sample
11.400000,57,Drone2,16.042782,31.093650,-8.500000,-0.092960,-1.186364,0.000000,airsim-compatible-sample
11.400000,57,Drone3,37.704503,15.977139,-9.000000,1.262058,0.693405,0.000000,airsim-compatible-sample
11.600000,58,Drone1,37.193232,39.605072,-8.000000,-0.768406,0.575459,0.000000,airsim-compatible-sample
11.600000,58,Drone2,16.026208,30.856231,-8.500000,-0.072780,-1.187772,0.000000,airsim-compatible-sample
11.600000,58,Drone3,37.955653,16.118084,-9.000000,1.249372,0.716009,0.000000,airsim-compatible-sample
11.800000,59,Drone1,37.038637,39.718929,-8.000000,-0.777514,0.563091,0.000000,airsim-compatible-sample
11.800000,59,Drone2,16.013672,30.618564,-8.500000,-0.052578,-1.188838,0.000000,airsim-compatible-sample
11.800000,59,Drone3,38.204225,16.263527,-9.000000,1.236283,0.738380,0.000000,airsim-compatible-sample
12.000000,60,Drone1,36.882240,39.830299,-8.000000,-0.786424,0.550579,0.000000,airsim-compatible-sample
12.000000,60,Drone2,16.005178,30.380719,-8.500000,-0.032361,-1.189560,0.000000,airsim-compatible-sample
12.000000,60,Drone3,38.450139,16.413420,-9.000000,1.222792,0.760513,0.000000,airsim-compatible-sample
12.200000,61,Drone1,36.724081,39.939152,-8.000000,-0.795132,0.537926,0.000000,airsim-compatible-sample
12.200000,61,Drone2,16.000728,30.142763,-8.500000,-0.012135,-1.189938,0.000000,airsim-compatible-sample
12.200000,61,Drone3,38.693315,16.567715,-9.000000,1.208906,0.782398,0.000000,airsim-compatible-sample
12.400000,62,Drone1,36.564201,40.045460,-8.000000,-0.803637,0.525136,0.000000,airsim-compatible-sample
12.400000,62,Drone2,16.000324,29.904766,-8.500000,0.008095,-1.189972,0.000000,airsim-compatible-sample
12.400000,62,Drone3,38.933675,16.726363,-9.000000,1.194627,0.804031,0.000000,airsim-compatible-sample
12.600000,63,Drone1,36.402640,40.149197,-8.000000,-0.811936,0.512211,0.000000,airsim-compatible-sample
12.600000,63,Drone2,16.003966,29.666797,-8.500000,0.028322,-1.189663,0.000000,airsim-compatible-sample
12.600000,63,Drone3,39.171140,16.889310,-9.000000,1.179962,0.825403,0.000000,airsim-compatible-sample
12.800000,64,Drone1,36.239440,40.250336,-8.000000,-0.820027,0.499155,0.000000,airsim-compatible-sample
12.800000,64,Drone2,16.011652,29.428924,-8.500000,0.048541,-1.189010,0.000000,airsim-compatible-sample
12.800000,64,Drone3,39.405634,17.056506,-9.000000,1.164914,0.846507,0.000000,airsim-compatible-sample
13.000000,65,Drone1,36.074643,40.348851,-8.000000,-0.827908,0.485971,0.000000,airsim-compatible-sample
13.000000,65,Drone2,16.023381,29.191216,-8.500000,0.068747,-1.188013,0.000000,airsim-compatible-sample
13.000000,65,Drone3,39.637081,17.227895,-9.000000,1.149489,0.867337,0.000000,airsim-compatible-sample
13.200000,66,Drone1,35.908291,40.444716,-8.000000,-0.835577,0.472663,0.000000,airsim-compatible-sample
13.200000,66,Drone2,16.039150,28.953742,-8.500000,0.088932,-1.186672,0.000000,airsim-compatible-sample
13.200000,66,Drone3,39.865405,17.403422,-9.000000,1.133692,0.887886,0.000000,airsim-compatible-sample
13.400000,67,Drone1,35.740426,40.537908,-8.000000,-0.843033,0.459234,0.000000,airsim-compatible-sample
13.400000,67,Drone2,16.058952,28.716570,-8.500000,0.109092,-1.184989,0.000000,airsim-compatible-sample
13.400000,67,Drone3,40.090533,17.583030,-9.000000,1.117527,0.908148,0.000000,airsim-compatible-sample
13.600000,68,Drone1,35.571092,40.628402,-8.000000,-0.850272,0.445687,0.000000,airsim-compatible-sample
13.600000,68,Drone2,16.082784,28.479769,-8.500000,0.129220,-1.182963,0.000000,airsim-compatible-sample
13.600000,68,Drone3,40.312392,17.766662,-9.000000,1.101000,0.928115,0.000000,airsim-compatible-sample
13.800000,69,Drone1,35.400332,40.716175,-8.000000,-0.857294,0.432027,0.000000,airsim-compatible-sample
13.800000,69,Drone2,16.110638,28.243408,-8.500000,0.149310,-1.180596,0.000000,airsim-compatible-sample
13.800000,69,Drone3,40.530910,17.954256,-9.000000,1.084117,0.947782,0.000000,airsim-compatible-sample
14.000000,70,Drone1,35.228189,40.801205,-8.000000,-0.864096,0.418255,0.000000,airsim-compatible-sample
14.000000,70,Drone2,16.142505,28.007554,-8.500000,0.169358,-1.177887,0.000000,airsim-compatible-sample
14.000000,70,Drone3,40.746015,18.145754,-9.000000,1.066882,0.967141,0.000000,airsim-compatible-sample
14.200000,71,Drone1,35.054708,40.883470,-8.000000,-0.870678,0.404377,0.000000,airsim-compatible-sample
14.200000,71,Drone2,16.178378,27.772276,-8.500000,0.189357,-1.174838,0.000000,airsim-compatible-sample
14.200000,71,Drone3,40.957640,18.341092,-9.000000,1.049302,0.986188,0.000000,airsim-compatible-sample
14.400000,72,Drone1,34.879933,40.962949,-8.000000,-0.877036,0.390395,0.000000,airsim-compatible-sample
14.400000,72,Drone2,16.218244,27.537641,-8.500000,0.209300,-1.171449,0.000000,airsim-compatible-sample
14.400000,72,Drone3,41.165714,18.540208,-9.000000,1.031381,1.004914,0.000000,airsim-compatible-sample
14.600000,73,Drone1,34.703909,41.039621,-8.000000,-0.883170,0.376313,0.000000,airsim-compatible-sample
14.600000,73,Drone2,16.262094,27.303718,-8.500000,0.229184,-1.167722,0.000000,airsim-compatible-sample
14.600000,73,Drone3,41.370170,18.743036,-9.000000,1.013127,1.023315,0.000000,airsim-compatible-sample
14.800000,74,Drone1,34.526680,41.113468,-8.000000,-0.889077,0.362134,0.000000,airsim-compatible-sample
14.800000,74,Drone2,16.309913,27.070575,-8.500000,0.249001,-1.163657,0.000000,airsim-compatible-sample
14.800000,74,Drone3,41.570942,18.949512,-9.000000,0.994544,1.041385,0.000000,airsim-compatible-sample
15.000000,75,Drone1,34.348293,41.184469,-8.000000,-0.894758,0.347863,0.000000,airsim-compatible-sample
15.000000,75,Drone2,16.361689,26.838278,-8.500000,0.268746,-1.159256,0.000000,airsim-compatible-sample
15.000000,75,Drone3,41.767966,19.159567,-9.000000,0.975639,1.059117,0.000000,airsim-compatible-sample
15.200000,76,Drone1,34.168793,41.252607,-8.000000,-0.900209,0.333503,0.000000,airsim-compatible-sample
15.200000,76,Drone2,16.417407,26.606895,-8.500000,0.288414,-1.154520,0.000000,airsim-compatible-sample
15.200000,76,Drone3,41.961177,19.373136,-9.000000,0.956418,1.076506,0.000000,airsim-compatible-sample
15.400000,77,Drone1,33.988225,41.317865,-8.000000,-0.905429,0.319058,0.000000,airsim-compatible-sample
15.400000,77,Drone2,16.477050,26.376492,-8.500000,0.307998,-1.149451,0.000000,airsim-compatible-sample
15.400000,77,Drone3,42.150512,19.590147,-9.000000,0.936887,1.093546,0.000000,airsim-compatible-sample
15.600000,78,Drone1,33.806636,41.380225,-8.000000,-0.910418,0.304531,0.000000,airsim-compatible-sample
15.600000,78,Drone2,16.540600,26.147136,-8.500000,0.327493,-1.144049,0.000000,airsim-compatible-sample
15.600000,78,Drone3,42.335911,19.810530,-9.000000,0.917052,1.110232,0.000000,airsim-compatible-sample
15.800000,79,Drone1,33.624073,41.439672,-8.000000,-0.915174,0.289926,0.000000,airsim-compatible-sample
15.800000,79,Drone2,16.608041,25.918894,-8.500000,0.346894,-1.138317,0.000000,airsim-compatible-sample
15.800000,79,Drone3,42.517314,20.034215,-9.000000,0.896921,1.126558,0.000000,airsim-compatible-sample
16.000000,80,Drone1,33.440583,41.496190,-8.000000,-0.919695,0.275247,0.000000,airsim-compatible-sample
16.000000,80,Drone2,16.679351,25.691832,-8.500000,0.366194,-1.132255,0.000000,airsim-compatible-sample
16.000000,80,Drone3,42.694660,20.261129,-9.000000,0.876498,1.142519,0.000000,airsim-compatible-sample
16.200000,81,Drone1,33.256211,41.549766,-8.000000,-0.923981,0.260497,0.000000,airsim-compatible-sample
16.200000,81,Drone2,16.754511,25.466014,-8.500000,0.385389,-1.125867,0.000000,airsim-compatible-sample
16.200000,81,Drone3,42.867894,20.491198,-9.000000,0.855792,1.158110,0.000000,airsim-compatible-sample
16.400000,82,Drone1,33.071006,41.600385,-8.000000,-0.928031,0.245680,0.000000,airsim-compatible-sample
16.400000,82,Drone2,16.833499,25.241507,-8.500000,0.404472,-1.119153,0.000000,airsim-compatible-sample
16.400000,82,Drone3,43.036959,20.724348,-9.000000,0.834809,1.173326,0.000000,airsim-compatible-sample
16.600000,83,Drone1,32.885014,41.648034,-8.000000,-0.931843,0.230801,0.000000,airsim-compatible-sample
16.600000,83,Drone2,16.916292,25.018375,-8.500000,0.423438,-1.112115,0.000000,airsim-compatible-sample
16.600000,83,Drone3,43.201799,20.960504,-9.000000,0.813555,1.188162,0.000000,airsim-compatible-sample
16.800000,84,Drone1,32.698285,41.692701,-8.000000,-0.935416,0.215863,0.000000,airsim-compatible-sample
16.800000,84,Drone2,17.002866,24.796682,-8.500000,0.442282,-1.104756,0.000000,airsim-compatible-sample
16.800000,84,Drone3,43.362363,21.199588,-9.000000,0.792037,1.202613,0.000000,airsim-compatible-sample
17.000000,85,Drone1,32.510864,41.734375,-8.000000,-0.938750,0.200869,0.000000,airsim-compatible-sample
17.000000,85,Drone2,17.093196,24.576493,-8.500000,0.460998,-1.097078,0.000000,airsim-compatible-sample
17.000000,85,Drone3,43.518597,21.441523,-9.000000,0.770263,1.216674,0.000000,airsim-compatible-sample
17.200000,86,Drone1,32.322801,41.773045,-8.000000,-0.941844,0.185824,0.000000,airsim-compatible-sample
17.200000,86,Drone2,17.187257,24.357872,-8.500000,0.479581,-1.089083,0.000000,airsim-compatible-sample
17.200000,86,Drone3,43.670451,21.686231,-9.000000,0.748239,1.230341,0.000000,airsim-compatible-sample
17.400000,87,Drone1,32.134143,41.808702,-8.000000,-0.944696,0.170731,0.000000,airsim-compatible-sample
17.400000,87,Drone2,17.285020,24.140881,-8.500000,0.498025,-1.080773,0.000000,airsim-compatible-sample
17.400000,87,Drone3,43.817877,21.933632,-9.000000,0.725973,1.243609,0.000000,airsim-compatible-sample
17.600000,88,Drone1,31.944938,41.841335,-8.000000,-0.947307,0.155595,0.000000,airsim-compatible-sample
17.600000,88,Drone2,17.386457,23.925584,-8.500000,0.516325,-1.072151,0.000000,airsim-compatible-sample
17.600000,88,Drone3,43.960825,22.183647,-9.000000,0.703472,1.256474,0.000000,airsim-compatible-sample
17.800000,89,Drone1,31.755236,41.870937,-8.000000,-0.949675,0.140419,0.000000,airsim-compatible-sample
17.800000,89,Drone2,17.491540,23.712041,-8.500000,0.534476,-1.063219,0.000000,airsim-compatible-sample
17.800000,89,Drone3,44.099250,22.436195,-9.000000,0.680742,1.268933,0.000000,airsim-compatible-sample
18.000000,90,Drone1,31.565085,41.897500,-8.000000,-0.951800,0.125207,0.000000,airsim-compatible-sample
18.000000,90,Drone2,17.600237,23.500316,-8.500000,0.552473,-1.053980,0.000000,airsim-compatible-sample
18.000000,90,Drone3,44.233107,22.691193,-9.000000,0.657793,1.280980,0.000000,airsim-compatible-sample
18.200000,91,Drone1,31.374532,41.921018,-8.000000,-0.953681,0.109963,0.000000,airsim-compatible-sample
18.200000,91,Drone2,17.712518,23.290470,-8.500000,0.570310,-1.044436,0.000000,airsim-compatible-sample
18.200000,91,Drone3,44.362353,22.948559,-9.000000,0.634630,1.292612,0.000000,airsim-compatible-sample
18.400000,92,Drone1,31.183628,41.941483,-8.000000,-0.955319,0.094690,0.000000,airsim-compatible-sample
18.400000,92,Drone2,17.828350,23.082562,-8.500000,0.587982,-1.034590,0.000000,airsim-compatible-sample
18.400000,92,Drone3,44.486945,23.208210,-9.000000,0.611261,1.303825,0.000000,airsim-compatible-sample
18.600000,93,Drone1,30.992421,41.958892,-8.000000,-0.956711,0.079394,0.000000,airsim-compatible-sample
18.600000,93,Drone2,17.947700,22.876654,-8.500000,0.605484,-1.024446,0.000000,airsim-compatible-sample
18.600000,93,Drone3,44.606844,23.470061,-9.000000,0.587695,1.314616,0.000000,airsim-compatible-sample
18.800000,94,Drone1,30.800960,41.973239,-8.000000,-0.957859,0.064077,0.000000,airsim-compatible-sample
18.800000,94,Drone2,18.070533,22.672804,-8.500000,0.622812,-1.014005,0.000000,airsim-compatible-sample
18.800000,94,Drone3,44.722011,23.734028,-9.000000,0.563937,1.324981,0.000000,airsim-compatible-sample
19.000000,95,Drone1,30.609294,41.984522,-8.000000,-0.958762,0.048744,0.000000,airsim-compatible-sample
19.000000,95,Drone2,18.196813,22.471071,-8.500000,0.639959,-1.003271,0.000000,airsim-compatible-sample
19.000000,95,Drone3,44.832407,24.000025,-9.000000,0.539998,1.334917,0.000000,airsim-compatible-sample
19.200000,96,Drone1,30.417472,41.992736,-8.000000,-0.959419,0.033398,0.000000,airsim-compatible-sample
19.200000,96,Drone2,18.326504,22.271515,-8.500000,0.656921,-0.992247,0.000000,airsim-compatible-sample
19.200000,96,Drone3,44.937998,24.267966,-9.000000,0.515883,1.344420,0.000000,airsim-compatible-sample
19.400000,97,Drone1,30.225543,41.997880,-8.000000,-0.959830,0.018043,0.000000,airsim-compatible-sample
19.400000,97,Drone2,18.459569,22.074191,-8.500000,0.673694,-0.980937,0.000000,airsim-compatible-sample
19.400000,97,Drone3,45.038749,24.537764,-9.000000,0.491601,1.353487,0.000000,airsim-compatible-sample
19.600000,98,Drone1,30.033556,41.999953,-8.000000,-0.959996,0.002684,0.000000,airsim-compatible-sample
19.600000,98,Drone2,18.595968,21.879159,-8.500000,0.690271,-0.969343,0.000000,airsim-compatible-sample
19.600000,98,Drone3,45.134628,24.809331,-9.000000,0.467160,1.362117,0.000000,airsim-compatible-sample
19.800000,99,Drone1,29.841561,41.998954,-8.000000,-0.959916,-0.012675,0.000000,airsim-compatible-sample
19.800000,99,Drone2,18.735664,21.686473,-8.500000,0.706650,-0.957469,0.000000,airsim-compatible-sample
19.800000,99,Drone3,45.225603,25.082581,-9.000000,0.442568,1.370304,0.000000,airsim-compatible-sample
20.000000,100,Drone1,29.649606,41.994883,-8.000000,-0.959591,-0.028032,0.000000,airsim-compatible-sample
20.000000,100,Drone2,18.878615,21.496190,-8.500000,0.722824,-0.945318,0.000000,airsim-compatible-sample
20.000000,100,Drone3,45.311645,25.357424,-9.000000,0.417832,1.378048,0.000000,airsim-compatible-sample
20.200000,101,Drone1,29.457741,41.987742,-8.000000,-0.959019,-0.043381,0.000000,airsim-compatible-sample
20.200000,101,Drone2,19.024779,21.308364,-8.500000,0.738789,-0.932894,0.000000,airsim-compatible-sample
20.200000,101,Drone3,45.392727,25.633770,-9.000000,0.392961,1.385345,0.000000,airsim-compatible-sample
20.400000,102,Drone1,29.266014,41.977532,-8.000000,-0.958203,-0.058719,0.000000,airsim-compatible-sample
20.400000,102,Drone2,19.174116,21.123050,-8.500000,0.754541,-0.920200,0.000000,airsim-compatible-sample
20.400000,102,Drone3,45.468821,25.911532,-9.000000,0.367962,1.392194,0.000000,airsim-compatible-sample
20.600000,103,Drone1,29.074476,41.964255,-8.000000,-0.957140,-0.074042,0.000000,airsim-compatible-sample
20.600000,103,Drone2,19.326581,20.940302,-8.500000,0.770074,-0.907241,0.000000,airsim-compatible-sample
20.600000,103,Drone3,45.539904,26.190618,-9.000000,0.342844,1.398591,0.000000,airsim-compatible-sample
20.800000,104,Drone1,28.883175,41.947916,-8.000000,-0.955833,-0.089346,0.000000,airsim-compatible-sample
20.800000,104,Drone2,19.482131,20.760172,-8.500000,0.785385,-0.894019,0.000000,airsim-compatible-sample
20.800000,104,Drone3,45.605951,26.470938,-9.000000,0.317616,1.404536,0.000000,airsim-compatible-sample
21.000000,105,Drone1,28.692159,41.928518,-8.000000,-0.954281,-0.104627,0.000000,airsim-compatible-sample
21.000000,105,Drone2,19.640720,20.582712,-8.500000,0.800470,-0.880539,0.000000,airsim-compatible-sample
21.000000,105,Drone3,45.666943,26.752402,-9.000000,0.292284,1.410025,0.000000,airsim-compatible-sample
21.200000,106,Drone1,28.501478,41.906067,-8.000000,-0.952485,-0.119882,0.000000,airsim-compatible-sample
21.200000,106,Drone2,19.802303,20.407973,-8.500000,0.815322,-0.866804,0.000000,airsim-compatible-sample
21.200000,106,Drone3,45.722859,27.034918,-9.000000,0.266857,1.415057,0.000000,airsim-compatible-sample
21.400000,107,Drone1,28.311181,41.880568,-8.000000,-0.950445,-0.135106,0.000000,airsim-compatible-sample
21.400000,107,Drone2,19.966833,20.236007,-8.500000,0.829939,-0.852819,0.000000,airsim-compatible-sample
21.400000,107,Drone3,45.773680,27.318394,-9.000000,0.241345,1.419631,0.000000,airsim-compatible-sample
21.600000,108,Drone1,28.121316,41.852027,-8.000000,-0.948162,-0.150295,0.000000,airsim-compatible-sample
21.600000,108,Drone2,20.134263,20.066862,-8.500000,0.844317,-0.838588,0.000000,airsim-compatible-sample
21.600000,108,Drone3,45.819391,27.602739,-9.000000,0.215753,1.423745,0.000000,airsim-compatible-sample
21.800000,109,Drone1,27.931932,41.820452,-8.000000,-0.945636,-0.165445,0.000000,airsim-compatible-sample
21.800000,109,Drone2,20.304544,19.900588,-8.500000,0.858450,-0.824114,0.000000,airsim-compatible-sample
21.800000,109,Drone3,45.859977,27.887861,-9.000000,0.190092,1.427398,0.000000,airsim-compatible-sample
22.000000,110,Drone1,27.743078,41.785852,-8.000000,-0.942868,-0.180554,0.000000,airsim-compatible-sample
22.000000,110,Drone2,20.477627,19.737232,-8.500000,0.872335,-0.809402,0.000000,airsim-compatible-sample
22.000000,110,Drone3,45.895424,28.173668,-9.000000,0.164370,1.430588,0.000000,airsim-compatible-sample
22.200000,111,Drone1,27.554801,41.748234,-8.000000,-0.939859,-0.195616,0.000000,airsim-compatible-sample
22.200000,111,Drone2,20.653461,19.576843,-8.500000,0.885968,-0.794456,0.000000,airsim-compatible-sample
22.200000,111,Drone3,45.925721,28.460066,-9.000000,0.138594,1.433315,0.000000,airsim-compatible-sample
22.400000,112,Drone1,27.367150,41.707609,-8.000000,-0.936609,-0.210628,0.000000,airsim-compatible-sample
22.400000,112,Drone2,20.831997,19.419465,-8.500000,0.899345,-0.779280,0.000000,airsim-compatible-sample
22.400000,112,Drone3,45.950859,28.746963,-9.000000,0.112773,1.435577,0.000000,airsim-compatible-sample
22.600000,113,Drone1,27.180174,41.663986,-8.000000,-0.933119,-0.225586,0.000000,airsim-compatible-sample
22.600000,113,Drone2,21.013182,19.265145,-8.500000,0.912463,-0.763880,0.000000,airsim-compatible-sample
22.600000,113,Drone3,45.970828,29.034266,-9.000000,0.086916,1.437375,0.000000,airsim-compatible-sample
22.800000,114,Drone1,26.993919,41.617378,-8.000000,-0.929390,-0.240486,0.000000,airsim-compatible-sample
22.800000,114,Drone2,21.196964,19.113928,-8.500000,0.925316,-0.748258,0.000000,airsim-compatible-sample
22.800000,114,Drone3,45.985623,29.321882,-9.000000,0.061031,1.438706,0.000000,airsim-compatible-sample
23.000000,115,Drone1,26.808433,41.567796,-8.000000,-0.925424,-0.255325,0.000000,airsim-compatible-sample
23.000000,115,Drone2,21.383291,18.965857,-8.500000,0.937902,-0.732420,0.000000,airsim-compatible-sample
23.000000,115,Drone3,45.995239,29.609717,-9.000000,0.035125,1.439572,0.000000,airsim-compatible-sample
23.200000,116,Drone1,26.623765,41.515252,-8.000000,-0.921220,-0.270099,0.000000,airsim-compatible-sample
23.200000,116,Drone2,21.572107,18.820974,-8.500000,0.950217,-0.716371,0.000000,airsim-compatible-sample
23.200000,116,Drone3,45.999673,29.897679,-9.000000,0.009209,1.439971,0.000000,airsim-compatible-sample
23.400000,117,Drone1,26.439961,41.459761,-8.000000,-0.916781,-0.284803,0.000000,airsim-compatible-sample
23.400000,117,Drone2,21.763359,18.679322,-8.500000,0.962258,-0.700114,0.000000,airsim-compatible-sample
23.400000,117,Drone3,45.998923,30.185674,-9.000000,-0.016711,1.439903,0.000000,airsim-compatible-sample
23.600000,118,Drone1,26.257068,41.401336,-8.000000,-0.912107,-0.299435,0.000000,airsim-compatible-sample
23.600000,118,Drone2,21.956992,18.540942,-8.500000,0.974020,-0.683656,0.000000,airsim-compatible-sample
23.600000,118,Drone3,45.992989,30.473609,-9.000000,-0.042625,1.439369,0.000000,airsim-compatible-sample
23.800000,119,Drone1,26.075134,41.339992,-8.000000,-0.907199,-0.313989,0.000000,airsim-compatible-sample
23.800000,119,Drone2,22.152948,18.405873,-8.500000,0.985501,-0.666999,0.000000,airsim-compatible-sample
23.800000,119,Drone3,45.981874,30.761391,-9.000000,-0.068525,1.438369,0.000000,airsim-compatible-sample
24.000000,120,Drone1,25.894204,41.275746,-8.000000,-0.902060,-0.328464,0.000000,airsim-compatible-sample
24.000000,120,Drone2,22.351173,18.274155,-8.500000,0.996697,-0.650150,0.000000,airsim-compatible-sample
24.000000,120,Drone3,45.965580,31.048926,-9.000000,-0.094403,1.436902,0.000000,airsim-compatible-sample
24.200000,121,Drone1,25.714325,41.208612,-8.000000,-0.896689,-0.342854,0.000000,airsim-compatible-sample
24.200000,121,Drone2,22.551608,18.145825,-8.500000,1.007605,-0.633113,0.000000,airsim-compatible-sample
24.200000,121,Drone3,45.944114,31.336121,-9.000000,-0.120251,1.434970,0.000000,airsim-compatible-sample
24.400000,122,Drone1,25.535544,41.138610,-8.000000,-0.891089,-0.357156,0.000000,airsim-compatible-sample
24.400000,122,Drone2,22.754195,18.020922,-8.500000,1.018222,-0.615893,0.000000,airsim-compatible-sample
24.400000,122,Drone3,45.917483,31.622883,-9.000000,-0.146059,1.432573,0.000000,airsim-compatible-sample
24.600000,123,Drone1,25.357905,41.065756,-8.000000,-0.885260,-0.371368,0.000000,airsim-compatible-sample
24.600000,123,Drone2,22.958877,17.899480,-8.500000,1.028544,-0.598495,0.000000,airsim-compatible-sample
24.600000,123,Drone3,45.885694,31.909119,-9.000000,-0.171821,1.429712,0.000000,airsim-compatible-sample
24.800000,124,Drone1,25.181455,40.990069,-8.000000,-0.879206,-0.385484,0.000000,airsim-compatible-sample
24.800000,124,Drone2,23.165593,17.781535,-8.500000,1.038570,-0.580925,0.000000,airsim-compatible-sample
24.800000,124,Drone3,45.848758,32.194737,-9.000000,-0.197526,1.426388,0.000000,airsim-compatible-sample
25.000000,125,Drone1,25.006238,40.911569,-8.000000,-0.872926,-0.399501,0.000000,airsim-compatible-sample
25.000000,125,Drone2,23.374285,17.667121,-8.500000,1.048295,-0.563186,0.000000,airsim-compatible-sample
25.000000,125,Drone3,45.806687,32.479643,-9.000000,-0.223168,1.422602,0.000000,airsim-compatible-sample
25.200000,126,Drone1,24.832299,40.830276,-8.000000,-0.866422,-0.413416,0.000000,airsim-compatible-sample
25.200000,126,Drone2,23.584891,17.556272,-8.500000,1.057717,-0.545284,0.000000,airsim-compatible-sample
25.200000,126,Drone3,45.759496,32.763747,-9.000000,-0.248737,1.418355,0.000000,airsim-compatible-sample
25.400000,127,Drone1,24.659684,40.746210,-8.000000,-0.859697,-0.427225,0.000000,airsim-compatible-sample
25.400000,127,Drone2,23.797351,17.449018,-8.500000,1.066833,-0.527225,0.000000,airsim-compatible-sample
25.400000,127,Drone3,45.707198,33.046955,-9.000000,-0.274226,1.413648,0.000000,airsim-compatible-sample
25.600000,128,Drone1,24.488435,40.659393,-8.000000,-0.852751,-0.440925,0.000000,airsim-compatible-sample
25.600000,128,Drone2,24.011604,17.345392,-8.500000,1.075642,-0.509014,0.000000,airsim-compatible-sample
25.600000,128,Drone3,45.649811,33.329175,-9.000000,-0.299626,1.408483,0.000000,airsim-compatible-sample
25.800000,129,Drone1,24.318598,40.569847,-8.000000,-0.845588,-0.454512,0.000000,airsim-compatible-sample
25.800000,129,Drone2,24.227587,17.245422,-8.500000,1.084139,-0.490655,0.000000,airsim-compatible-sample
25.800000,129,Drone3,45.587354,33.610317,-9.000000,-0.324929,1.402862,0.000000,airsim-compatible-sample
26.000000,130,Drone1,24.150215,40.477596,-8.000000,-0.838208,-0.467983,0.000000,airsim-compatible-sample
26.000000,130,Drone2,24.445239,17.149139,-8.500000,1.092323,-0.472155,0.000000,airsim-compatible-sample
26.000000,130,Drone3,45.519847,33.890290,-9.000000,-0.350126,1.396786,0.000000,airsim-compatible-sample
26.200000,131,Drone1,23.983329,40.382662,-8.000000,-0.830613,-0.481334,0.000000,airsim-compatible-sample
26.200000,131,Drone2,24.664495,17.056570,-8.500000,1.100192,-0.453518,0.000000,airsim-compatible-sample
26.200000,131,Drone3,45.447311,34.169002,-9.000000,-0.375210,1.390258,0.000000,airsim-compatible-sample
26.400000,132,Drone1,23.817984,40.285071,-8.000000,-0.822806,-0.494561,0.000000,airsim-compatible-sample
26.400000,132,Drone2,24.885294,16.967741,-8.500000,1.107742,-0.434750,0.000000,airsim-compatible-sample
26.400000,132,Drone3,45.369771,34.446363,-9.000000,-0.400173,1.383279,0.000000,airsim-compatible-sample
26.600000,133,Drone1,23.654221,40.184846,-8.000000,-0.814788,-0.507662,0.000000,airsim-compatible-sample
26.600000,133,Drone2,25.107571,16.882678,-8.500000,1.114972,-0.415856,0.000000,airsim-compatible-sample
26.600000,133,Drone3,45.287251,34.722284,-9.000000,-0.425006,1.375853,0.000000,airsim-compatible-sample
26.800000,134,Drone1,23.492083,40.082014,-8.000000,-0.806561,-0.520633,0.000000,airsim-compatible-sample
26.800000,134,Drone2,25.331262,16.801406,-8.500000,1.121880,-0.396843,0.000000,airsim-compatible-sample
26.800000,134,Drone3,45.199778,34.996674,-9.000000,-0.449701,1.367980,0.000000,airsim-compatible-sample
27.000000,135,Drone1,23.331610,39.976602,-8.000000,-0.798128,-0.533471,0.000000,airsim-compatible-sample
27.000000,135,Drone2,25.556301,16.723949,-8.500000,1.128464,-0.377714,0.000000,airsim-compatible-sample
27.000000,135,Drone3,45.107380,35.269446,-9.000000,-0.474250,1.359664,0.000000,airsim-compatible-sample
27.200000,136,Drone1,23.172845,39.868635,-8.000000,-0.789491,-0.546172,0.000000,airsim-compatible-sample
27.200000,136,Drone2,25.782626,16.650328,-8.500000,1.134722,-0.358477,0.000000,airsim-compatible-sample
27.200000,136,Drone3,45.010088,35.540511,-9.000000,-0.498646,1.350908,0.000000,airsim-compatible-sample
27.400000,137,Drone1,23.015827,39.758142,-8.000000,-0.780651,-0.558734,0.000000,airsim-compatible-sample
27.400000,137,Drone2,26.010168,16.580565,-8.500000,1.140652,-0.339136,0.000000,airsim-compatible-sample
27.400000,137,Drone3,44.907933,35.809780,-9.000000,-0.522880,1.341714,0.000000,airsim-compatible-sample
27.600000,138,Drone1,22.860598,39.645151,-8.000000,-0.771612,-0.571152,0.000000,airsim-compatible-sample
27.600000,138,Drone2,26.238864,16.514680,-8.500000,1.146252,-0.319697,0.000000,airsim-compatible-sample
27.600000,138,Drone3,44.800947,36.077167,-9.000000,-0.546945,1.332085,0.000000,airsim-compatible-sample
27.800000,139,Drone1,22.707196,39.529691,-8.000000,-0.762375,-0.583424,0.000000,airsim-compatible-sample
27.800000,139,Drone2,26.468647,16.452692,-8.500000,1.151521,-0.300165,0.000000,airsim-compatible-sample
27.800000,139,Drone3,44.689166,36.342585,-9.000000,-0.570833,1.322025,0.000000,airsim-compatible-sample
28.000000,140,Drone1,22.555661,39.411791,-8.000000,-0.752943,-0.595547,0.000000,airsim-compatible-sample
28.000000,140,Drone2,26.699451,16.394620,-8.500000,1.156457,-0.280547,0.000000,airsim-compatible-sample
28.000000,140,Drone3,44.572626,36.605949,-9.000000,-0.594535,1.311536,0.000000,airsim-compatible-sample
28.200000,141,Drone1,22.406031,39.291482,-8.000000,-0.743319,-0.607517,0.000000,airsim-compatible-sample
28.200000,141,Drone2,26.931208,16.340479,-8.500000,1.161059,-0.260847,0.000000,airsim-compatible-sample
28.200000,141,Drone3,44.451365,36.867172,-9.000000,-0.618045,1.300623,0.000000,airsim-compatible-sample
28.400000,142,Drone1,22.258346,39.168794,-8.000000,-0.733504,-0.619332,0.000000,airsim-compatible-sample
28.400000,142,Drone2,27.163852,16.290286,-8.500000,1.165326,-0.241073,0.000000,airsim-compatible-sample
28.400000,142,Drone3,44.325422,37.126170,-9.000000,-0.641355,1.289288,0.000000,airsim-compatible-sample
28.600000,143,Drone1,22.112642,39.043760,-8.000000,-0.723501,-0.630989,0.000000,airsim-compatible-sample
28.600000,143,Drone2,27.397316,16.244055,-8.500000,1.169255,-0.221228,0.000000,airsim-compatible-sample
28.600000,143,Drone3,44.194837,37.382859,-9.000000,-0.664457,1.277535,0.000000,airsim-compatible-sample
28.800000,144,Drone1,21.968958,38.916410,-8.000000,-0.713313,-0.642483,0.000000,airsim-compatible-sample
28.800000,144,Drone2,27.631532,16.201799,-8.500000,1.172847,-0.201320,0.000000,airsim-compatible-sample
28.800000,144,Drone3,44.059653,37.637156,-9.000000,-0.687344,1.265369,0.000000,airsim-compatible-sample
29.000000,145,Drone1,21.827329,38.786777,-8.000000,-0.702942,-0.653814,0.000000,airsim-compatible-sample
29.000000,145,Drone2,27.866432,16.163531,-8.500000,1.176100,-0.181353,0.000000,airsim-compatible-sample
29.000000,145,Drone3,43.919914,37.888979,-9.000000,-0.710008,1.252792,0.000000,airsim-compatible-sample
29.200000,146,Drone1,21.687793,38.654895,-8.000000,-0.692392,-0.664977,0.000000,airsim-compatible-sample
29.200000,146,Drone2,28.101949,16.129261,-8.500000,1.179013,-0.161334,0.000000,airsim-compatible-sample
29.200000,146,Drone3,43.775665,38.138246,-9.000000,-0.732442,1.239810,0.000000,airsim-compatible-sample
29.400000,147,Drone1,21.550385,38.520798,-8.000000,-0.681664,-0.675969,0.000000,airsim-compatible-sample
29.400000,147,Drone2,28.338014,16.099000,-8.500000,1.181585,-0.141269,0.000000,airsim-compatible-sample
29.400000,147,Drone3,43.626953,38.384876,-9.000000,-0.754639,1.226426,0.000000,airsim-compatible-sample
29.600000,148,Drone1,21.415139,38.384519,-8.000000,-0.670762,-0.686789,0.000000,airsim-compatible-sample
29.600000,148,Drone2,28.574560,16.072756,-8.500000,1.183816,-0.121162,0.000000,airsim-compatible-sample
29.600000,148,Drone3,43.473826,38.628790,-9.000000,-0.776591,1.212644,0.000000,airsim-compatible-sample
29.800000,149,Drone1,21.282091,38.246094,-8.000000,-0.659688,-0.697433,0.000000,airsim-compatible-sample
29.800000,149,Drone2,28.811518,16.050537,-8.500000,1.185704,-0.101021,0.000000,airsim-compatible-sample
29.800000,149,Drone3,43.316333,38.869908,-9.000000,-0.798292,1.198470,0.000000,airsim-compatible-sample
30.000000,150,Drone1,21.151275,38.105558,-8.000000,-0.648445,-0.707898,0.000000,airsim-compatible-sample
30.000000,150,Drone2,29.048819,16.032350,-8.500000,1.187250,-0.080850,0.000000,airsim-compatible-sample
30.000000,150,Drone3,43.154526,39.108152,-9.000000,-0.819734,1.183907,0.000000,airsim-compatible-sample
